Event,Team,Had pneumatics,Robot weight,Total weight,Red bumper weight,Blue bumper weight
2024alhu,34,FALSE,85.5,85.5,10.7,10.8
2024alhu,120,FALSE,115.5,115.5,11.5,11.5
2024alhu,323,FALSE,83.6,83.6,11.2,11.5
2024alhu,538,FALSE,98.9,112.9,14,14
2024alhu,547,FALSE,59.4,59.4,12.4,12.4
2024alhu,931,FALSE,98.5,98.5,9.9,9.9
2024alhu,1466,FALSE,93.3,93.3,10.4,9.6
2024alhu,2393,TRUE,119.6,119.6,11.5,11.8
2024alhu,2481,TRUE,100.4,100.4,10.4,9.4
2024alhu,2638,FALSE,119.2,119.2,11.7,10.6
2024alhu,2973,FALSE,78.7,78.7,10.4,10.7
2024alhu,3139,FALSE,64.4,64.4,13,12.2
2024alhu,3140,FALSE,110.6,110.6,11.7,12
2024alhu,3824,FALSE,123.5,123.5,11.7,11.4
2024alhu,3959,FALSE,82.1,82.1,11.1,10.1
2024alhu,3966,FALSE,88.2,88.2,12.7,12.6
2024alhu,3984,FALSE,101.4,101.4,11.5,11.5
2024alhu,4020,FALSE,93.5,93.5,11.2,12.6
2024alhu,4256,FALSE,111.6,111.6,14.9,14.9
2024alhu,4265,TRUE,124.8,124.8,11.9,11.9
2024alhu,4306,FALSE,101.1,101.1,9.8,11.2
2024alhu,4499,FALSE,123.3,123.3,12.4,12.3
2024alhu,4635,FALSE,119.9,119.9,13.1,14.1
2024alhu,5002,FALSE,109.4,109.4,11.5,10.2
2024alhu,5005,TRUE,98.1,98.1,12.1,12
2024alhu,5045,FALSE,78.5,78.5,11.7,11
2024alhu,5410,FALSE,113.2,113.2,13.7,13.7
2024alhu,5557,FALSE,113.7,113.7,13,12.8
2024alhu,5800,FALSE,97.2,97.2,12.5,12.4
2024alhu,6107,FALSE,83.9,83.9,9.8,9.8
2024alhu,6404,FALSE,90.9,90.9,10.3,10.3
2024alhu,6517,FALSE,113.6,113.8,10.9,10.8
2024alhu,6652,FALSE,91.9,91.9,9.8,9.8
2024alhu,7111,FALSE,94.6,94.6,14.2,14.2
2024alhu,7717,FALSE,93,93,11.4,11.4
2024alhu,7725,FALSE,100.5,100.5,12.5,12.5
2024alhu,8624,FALSE,46.5,46.5,10.5,10.5
2024alhu,8772,FALSE,70,70,11.2,10.9
2024alhu,8773,FALSE,55.6,42.3,11.7,12.1
2024alhu,8841,TRUE,116.1,116.1,12.2,12.2
2024alhu,9067,FALSE,89.2,89.2,13.1,13
2024alhu,9073,FALSE,66,66,10.8,10.8
2024alhu,9435,FALSE,101.3,101.3,11.4,11.4
2024alhu,9476,FALSE,59.6,59.6,11.7,11.8
2024alhu,9590,FALSE,58.1,58.1,14.6,14.9
2024alhu,9702,FALSE,81.7,81.7,13.7,13.7
2024alhu,9787,TRUE,96.5,96.5,8.9,8.9
2024azgl,8,FALSE,119.7,129.2,9.5,9.6
2024azgl,294,FALSE,111.2,111.2,11,11.7
2024azgl,498,FALSE,124.4,124.4,11,11.1
2024azgl,670,FALSE,123.9,123.9,11.4,11.4
2024azgl,698,FALSE,121.1,132.5,13.1,11.4
2024azgl,1165,FALSE,124,124,13.1,13.1
2024azgl,1212,FALSE,88,,13.7,13.7
2024azgl,1726,TRUE,98.6,98,8.4,8.4
2024azgl,1828,FALSE,72.7,72.7,12.6,12.6
2024azgl,2375,FALSE,111.3,111.3,12.5,12.1
2024azgl,2429,FALSE,104.3,114.9,10.6,10.7
2024azgl,2478,FALSE,96.4,96.4,11.3,11.3
2024azgl,2486,FALSE,98.7,98.7,8.8,9.5
2024azgl,2647,FALSE,67.3,67.3,13.1,13.1
2024azgl,2662,TRUE,86,86,11.6,11.6
2024azgl,3019,FALSE,93.4,93.4,12.8,12.9
2024azgl,3179,FALSE,111.4,111.4,11.9,12.4
2024azgl,3187,FALSE,48.3,64.4,,14.1
2024azgl,3577,FALSE,48.7,48.7,11.9,12.4
2024azgl,3853,FALSE,83.5,95,11.1,11.5
2024azgl,3944,TRUE,94.5,107,12.5,12.5
2024azgl,4146,FALSE,114.3,114.3,13.2,13.2
2024azgl,4183,FALSE,99.2,99.2,9.8,10.1
2024azgl,5026,FALSE,117.8,117.8,10.6,9.7
2024azgl,5449,FALSE,103.9,103.9,12.4,12.4
2024azgl,5539,FALSE,42.7,42.7,12,12
2024azgl,6352,TRUE,117.6,117.6,11.1,11.1
2024azgl,6413,FALSE,110,111,11.2,10.8
2024azgl,6479,FALSE,116.6,111,11.9,10.9
2024azgl,6833,FALSE,73.9,86,13.1,12.9
2024azgl,6922,FALSE,68.9,77.7,8.8,8.8
2024azgl,7419,FALSE,75.5,86.6,11.1,11.1
2024azgl,7645,FALSE,105.3,117.4,12.1,11.9
2024azgl,7703,FALSE,66.8,66.8,12,
2024azgl,7755,TRUE,88,88,13.9,13.9
2024azgl,8087,TRUE,98.5,98.5,12.2,12.2
2024azgl,8848,FALSE,98.6,107.8,8.5,9.2
2024azgl,9059,FALSE,89.7,89.7,14,14
2024azgl,9432,FALSE,106,106,7.9,7.8
2024azgl,9704,FALSE,97.7,112.4,14.4,13.8
2024azgl,9777,FALSE,106.4,106.4,13.1,13.1
2024azva,60,TRUE,108,108,13.4,12.9
2024azva,498,FALSE,124,124,10.4,10.7
2024azva,696,TRUE,109.7,109.7,12.6,12.4
2024azva,698,TRUE,121.5,120,13,11.3
2024azva,991,FALSE,122.4,122.4,11.1,11.5
2024azva,1165,FALSE,123,123,14.6,14.6
2024azva,2403,TRUE,115,115,12.6,12.7
2024azva,2478,FALSE,94.6,94.6,11.2,11.3
2024azva,2659,FALSE,120.6,136,8.5,9.5
2024azva,2662,TRUE,86.6,90.4,11.1,11.1
2024azva,2840,FALSE,90.2,90.2,9.2,9.2
2024azva,3019,FALSE,90.4,90.4,12.6,12.7
2024azva,3128,TRUE,124.1,124.1,8.8,8.8
2024azva,3158,FALSE,86.5,86.5,13.8,13.7
2024azva,3256,FALSE,119.1,119.1,12.8,12.3
2024azva,3309,FALSE,108.1,108.1,10.8,10.5
2024azva,3648,FALSE,90.7,90.7,12.1,12.1
2024azva,3853,TRUE,82.6,82.5,10.7,11.1
2024azva,4146,FALSE,112,112,13.3,13.2
2024azva,4415,FALSE,112.2,112.2,13.2,13.3
2024azva,4565,TRUE,73.6,73.6,11.8,13.4
2024azva,5025,TRUE,122.8,122.8,10.6,10.4
2024azva,5059,FALSE,77.8,77.8,14.1,14.2
2024azva,5430,FALSE,80,80,10.8,11.6
2024azva,6036,FALSE,120.4,120.4,12.1,12.5
2024azva,6127,FALSE,70,70,12.7,12.7
2024azva,6352,TRUE,109.5,109.5,10.2,10.2
2024azva,6413,FALSE,114.9,114.9,10.9,10.6
2024azva,6560,FALSE,124.9,138.6,13.7,13.7
2024azva,6833,FALSE,66.3,66.3,12.9,12.8
2024azva,6907,TRUE,79.4,79.4,10.1,8.7
2024azva,7214,FALSE,77.3,77.3,12.9,12.9
2024azva,7645,FALSE,103.7,103.7,12.1,11.9
2024azva,7755,TRUE,100.9,114.4,13.5,13.5
2024azva,8012,FALSE,95.2,95.2,11.1,11.3
2024azva,9059,FALSE,86.1,86.1,13.7,13.7
2024azva,9091,FALSE,63,63,11.1,11.7
2024azva,9432,FALSE,119.6,130.9,11.1,11.3
2024azva,9501,FALSE,87.8,87.8,7.5,8.4
2024azva,9704,FALSE,113,113,14.1,13.2
2024azva,9777,FALSE,104,104,13.2,13.4
2024caav,294,FALSE,115.3,116,11.7,10.3
2024caav,399,FALSE,105.8,106,10.5,10.2
2024caav,599,FALSE,110.1,118.1,12.2,11.5
2024caav,691,TRUE,79.4,80,10.4,10.6
2024caav,968,FALSE,122.6,123,14.8,15
2024caav,1148,FALSE,110.3,114,12.4,12
2024caav,1515,FALSE,104.3,105,10.8,11.1
2024caav,1538,FALSE,101.8,100,11.6,11.7
2024caav,1836,FALSE,114,115,13.4,13.4
2024caav,2073,FALSE,123.4,124,10.4,11.5
2024caav,2404,FALSE,82.7,83,13,13
2024caav,2429,FALSE,107.5,108,10.4,10.4
2024caav,2543,FALSE,98.6,99,9.8,9.6
2024caav,2584,FALSE,124.8,125,12.4,13.1
2024caav,2658,FALSE,121.5,122,14.2,14.2
2024caav,2659,FALSE,119.7,120,8.1,10
2024caav,3993,TRUE,85,86,14.1,14.1
2024caav,4014,FALSE,67,67,12.2,12.5
2024caav,4123,FALSE,117,118,8.9,8.1
2024caav,4322,FALSE,118.4,119,9.5,10.3
2024caav,4419,FALSE,120.6,121,11.3,10.8
2024caav,5012,FALSE,103.9,104,10.3,11
2024caav,5137,FALSE,94.6,95,11.7,11.7
2024caav,5458,FALSE,105.7,106,11.7,12.1
2024caav,5857,FALSE,102.4,103,10.4,10.4
2024caav,5869,FALSE,77.7,78,13,13
2024caav,6060,FALSE,76.9,77,9.7,11.2
2024caav,6072,FALSE,97.5,97.5,13.5,13.5
2024caav,6305,FALSE,118.9,119,10.9,10.8
2024caav,6479,FALSE,111.7,112,11.6,11.1
2024caav,6657,FALSE,123.7,124,11.7,10.7
2024caav,7444,FALSE,115,116,9.8,10.1
2024caav,7607,FALSE,71.7,62,8.9,8.9
2024caav,7673,FALSE,92.3,93,11.1,12.2
2024caav,7682,FALSE,66.1,67,10.8,10.8
2024caav,8006,FALSE,95.3,96,11.9,11.9
2024caav,8569,FALSE,80.5,80,14.3,14.3
2024caav,8768,FALSE,101.6,102,12.2,12.4
2024caav,9471,FALSE,59.9,59.9,6.5,6.5
2024caav,9666,FALSE,59,59,8,8
2024cabe,114,FALSE,116.8,116.8,14.2,12.8
2024cabe,199,FALSE,88.3,150,12.9,13.1
2024cabe,254,FALSE,124.7,150,12.6,12.3
2024cabe,581,FALSE,124.6,124.6,13.4,13.4
2024cabe,649,FALSE,121.6,150,10.1,11.5
2024cabe,751,FALSE,115.2,115.2,10.5,10.4
2024cabe,766,FALSE,124.3,150,10.9,11.8
2024cabe,841,FALSE,98.7,98.7,14.6,14.5
2024cabe,972,FALSE,123.9,123.9,13.4,13.3
2024cabe,1160,TRUE,123.2,123.2,10.4,10.5
2024cabe,1458,FALSE,87,87,10.7,10.8
2024cabe,1678,FALSE,123.5,123.5,10.5,10.5
2024cabe,1700,FALSE,120.1,120.1,13.6,13.5
2024cabe,2204,FALSE,124.7,124.7,10,10.2
2024cabe,2288,FALSE,124.7,124.7,10.7,10.6
2024cabe,2637,FALSE,121.4,121.4,11.2,11.2
2024cabe,2854,FALSE,124.7,124.7,11.1,11.5
2024cabe,3045,FALSE,118.7,118.7,10.3,10.3
2024cabe,3256,FALSE,118.7,118.7,13.7,12.8
2024cabe,3482,FALSE,120.4,120.4,10.2,10
2024cabe,4159,FALSE,123.1,123.1,10.4,10.7
2024cabe,4186,FALSE,98.9,98.9,12.9,12.9
2024cabe,4255,FALSE,99.2,99.2,9.9,9.7
2024cabe,4669,FALSE,101.1,101.1,10.7,10.7
2024cabe,4698,FALSE,123.3,123.3,9.6,9.4
2024cabe,4904,FALSE,72.5,72.5,11.9,11.7
2024cabe,4973,FALSE,77.1,77.1,12.1,12.1
2024cabe,4990,FALSE,112,150,12.9,12.6
2024cabe,5274,FALSE,107.1,150,10.8,10.8
2024cabe,5419,FALSE,117.3,150,10,10.4
2024cabe,5430,FALSE,65.1,150,11.5,12.4
2024cabe,5507,FALSE,116.4,150,11.4,11.4
2024cabe,5940,FALSE,120.4,150,12.8,13
2024cabe,5985,FALSE,121.6,150,9.8,9.6
2024cabe,6059,FALSE,102.8,150,10.4,10.4
2024cabe,6238,FALSE,111.5,150,11.9,12
2024cabe,6418,FALSE,121.7,150,11.1,10.9
2024cabe,6619,FALSE,117.8,150,10.9,10.8
2024cabe,6814,FALSE,113.8,150,12,9
2024cabe,6884,FALSE,100.8,150,10.9,11.2
2024cabe,7137,FALSE,119.1,150,12,12.1
2024cabe,7245,FALSE,89.4,150,10.3,10.2
2024cabe,7401,FALSE,67.9,150,11.8,11.8
2024cabe,7419,FALSE,90,150,11.5,11.4
2024cabe,7667,FALSE,88.9,150,11.7,12.1
2024cabe,7729,FALSE,48.2,150,10.4,9
2024cabe,7840,FALSE,92.2,150,8.6,8.6
2024cabe,8045,FALSE,88.1,150,11.2,11.2
2024cabe,8159,FALSE,123.5,150,12,10.9
2024cabe,8793,FALSE,112.9,150,9.8,9.6
2024cabe,8852,FALSE,83.7,83.7,10,10
2024cabe,9038,FALSE,115.8,115.8,15,14.9
2024cabe,9111,FALSE,91.7,150,9.5,11.6
2024cabe,9202,FALSE,93.8,150,9.8,9.5
2024cabe,9470,FALSE,124.7,150,13.1,11.7
2024cabe,9519,TRUE,70.5,70.5,8.3,9.1
2024cabe,9545,FALSE,78.6,150,14.6,14.6
2024cabe,9609,FALSE,113.3,113.3,12.4,12.7
2024cabe,9634,FALSE,73.8,73.8,10.7,10.2
2024cabe,9781,FALSE,58.2,58.2,11,11.3
2024cada,199,FALSE,88.4,101.7,12.7,13.1
2024cada,254,FALSE,123.1,135.3,11.6,11.5
2024cada,604,FALSE,124.8,136,11.5,11.5
2024cada,701,FALSE,123.9,110.9,12.5,12.3
2024cada,751,FALSE,95.4,106.5,10.4,10.4
2024cada,1072,FALSE,123.1,124.7,9.7,9.5
2024cada,1662,TRUE,112,112.3,13.1,13.5
2024cada,1678,FALSE,122.8,133.7,10.5,10.2
2024cada,2073,FALSE,123.9,134.2,11,10.7
2024cada,2135,FALSE,100.4,115.2,13.7,13.6
2024cada,2141,FALSE,77,85.2,8.5,8.5
2024cada,2204,FALSE,122.5,134,9.8,10.1
2024cada,2551,FALSE,102.5,114.1,10.8,11.7
2024cada,3189,FALSE,107,105,7.7,7.5
2024cada,3257,FALSE,99.5,112.5,10.3,10.3
2024cada,3482,FALSE,117.6,128.5,10.6,10.4
2024cada,3598,FALSE,96.5,107.6,11.2,10.9
2024cada,3880,FALSE,115.3,126.4,9.9,9.9
2024cada,4135,FALSE,105,116.1,11,11
2024cada,4159,FALSE,111.8,124.5,10.7,10.9
2024cada,4643,FALSE,82.3,91.2,10,9.9
2024cada,5274,FALSE,120.4,130.7,10.8,10.8
2024cada,5419,FALSE,124.8,134.5,10.1,10.2
2024cada,5458,FALSE,106.4,116.8,11.3,11.3
2024cada,5515,FALSE,116.5,126,9.5,9.4
2024cada,5728,TRUE,82.9,91.6,11.1,11.6
2024cada,6619,FALSE,117.2,128.4,10.5,10.3
2024cada,6665,FALSE,115.2,129.8,13.7,13.7
2024cada,6947,FALSE,116.5,134,15,15
2024cada,6981,FALSE,101.8,112.6,11.2,11
2024cada,7130,FALSE,95.6,105.7,11,11
2024cada,7528,FALSE,70.9,84.2,11.7,11.7
2024cada,7667,FALSE,76.8,89.4,11.8,12.3
2024cada,7686,FALSE,85.4,100.8,11.8,10.2
2024cada,8015,FALSE,106,115.1,10.2,10
2024cada,8048,FALSE,83,94.5,11.6,11.5
2024cada,8404,FALSE,119.8,131.5,11.6,12.1
2024cada,9125,FALSE,79.4,92.5,12.4,12.7
2024cafr,581,FALSE,124.4,120.4,13.3,13.3
2024cafr,766,FALSE,123,123,10.9,11.7
2024cafr,840,FALSE,102.9,119,11.7,12.4
2024cafr,841,FALSE,91.6,91.6,11,10.7
2024cafr,972,FALSE,124.2,124.2,13.3,13.2
2024cafr,1280,FALSE,92,92,10.1,10.1
2024cafr,1323,FALSE,124.8,139.5,14.7,14.6
2024cafr,1351,FALSE,120.2,120.2,10,10.4
2024cafr,1671,FALSE,116.1,116.1,11.8,11.4
2024cafr,2367,FALSE,124,124,11.2,11.2
2024cafr,2489,FALSE,68.8,68.8,12.3,12.4
2024cafr,3491,FALSE,79.5,79.5,9.8,11.5
2024cafr,3501,FALSE,122.1,130.3,10.2,10.3
2024cafr,3512,FALSE,119.6,119.6,11.6,11.6
2024cafr,3598,FALSE,108.4,119.1,10.7,10.3
2024cafr,3925,TRUE,105.2,104.5,9.8,10.8
2024cafr,3970,FALSE,122,133,11.7,12
2024cafr,4141,FALSE,115.9,125.5,9.4,10.5
2024cafr,4322,FALSE,119.4,119.4,9.8,9.9
2024cafr,5171,FALSE,90.4,90.4,9.3,9.2
2024cafr,5817,FALSE,123.4,123.4,14,13.8
2024cafr,5940,FALSE,119.2,119.6,12.9,12.9
2024cafr,6059,FALSE,99.7,99.7,10.4,10.3
2024cafr,6305,FALSE,109.3,109.3,11.1,10.3
2024cafr,6657,FALSE,120.9,131.1,10.8,10.7
2024cafr,6662,FALSE,95.6,95.6,12.4,12.7
2024cafr,6711,FALSE,65.7,65.7,10.3,10.1
2024cafr,6804,FALSE,69.2,81.2,12,12
2024cafr,6947,FALSE,119.4,119.4,14.9,14.9
2024cafr,6998,FALSE,117.9,117.9,11.2,15
2024cafr,7157,FALSE,119.8,119.2,11.7,11.6
2024cafr,7589,FALSE,95.1,105.2,10.1,10.1
2024cafr,8404,FALSE,123,123,11.3,11.8
2024cafr,8768,FALSE,101,101,12.4,12.4
2024cafr,8840,FALSE,115.3,128,10.1,10.2
2024cafr,9143,FALSE,95.7,105.2,9.5,9.5
2024cafr,9400,FALSE,92.4,92.4,10.5,10.2
2024cafr,9634,FALSE,60.2,60.2,10.8,10.3
2024cafr,9706,FALSE,61.5,61.5,10.1,10.2
2024cala,368,FALSE,115.4,115.4,12.8,13.4
2024cala,597,FALSE,113.8,113.8,10.9,11.3
2024cala,599,FALSE,109,109,12.3,11.7
2024cala,687,FALSE,117,117,10.3,10.5
2024cala,702,FALSE,108.8,108.8,13.5,14.9
2024cala,968,FALSE,74.7,74.7,14.2,14
2024cala,980,FALSE,97.5,97.5,11.4,11.1
2024cala,1148,FALSE,109.9,109.9,12.1,11.8
2024cala,1159,FALSE,95.9,95.9,9.1,9.5
2024cala,1160,TRUE,121.8,121.8,10.4,10.2
2024cala,1197,FALSE,115.2,115.2,11.3,11.2
2024cala,1452,FALSE,108.5,108,12.3,12.2
2024cala,1515,FALSE,102.1,102.1,10.4,9.9
2024cala,1661,FALSE,123.6,123.6,9.3,11
2024cala,1759,TRUE,65.8,65.8,10,9.9
2024cala,1836,FALSE,113.6,113.6,12.2,12.2
2024cala,2443,FALSE,107.3,107.3,11.2,10.6
2024cala,2465,FALSE,117.5,117.5,11.5,11.5
2024cala,2584,FALSE,122.6,122.6,12.4,12.9
2024cala,2637,FALSE,117.1,117.1,11.4,11.4
2024cala,2710,FALSE,95.1,95.1,12.5,12.7
2024cala,3408,FALSE,77.6,77.6,9.3,9.5
2024cala,3473,FALSE,64.5,64.5,11.1,10.7
2024cala,3759,FALSE,82.4,82.4,10.7,10.8
2024cala,3859,FALSE,119.6,119.6,12,11.4
2024cala,4079,FALSE,102,102,9.8,10
2024cala,4123,FALSE,111.7,111.7,8.4,8.7
2024cala,4201,FALSE,115.2,115.2,10.2,10.2
2024cala,4501,FALSE,77.3,77.3,8.1,8
2024cala,4999,FALSE,110.3,110.3,11.8,11.8
2024cala,5089,FALSE,87.1,87.1,12.7,12.7
2024cala,5199,FALSE,123.1,123.1,15,15
2024cala,5669,FALSE,88.9,88.9,11.1,11.5
2024cala,5857,TRUE,111.4,111.4,10.7,10.7
2024cala,6000,TRUE,100.8,100.8,11.9,11.9
2024cala,6658,FALSE,116.6,116.6,10.4,9.6
2024cala,6904,FALSE,82.5,82.5,12.4,13.5
2024cala,7042,FALSE,120.1,120.1,10,9.2
2024cala,7137,FALSE,98.8,98.8,11.9,11.7
2024cala,7230,FALSE,60,60,11.6,11.4
2024cala,7415,FALSE,118.7,118.7,8.6,8.5
2024cala,8898,FALSE,63.7,63.7,11.3,10.4
2024cala,9408,FALSE,116.5,116.5,9.5,9.5
2024cala,9564,FALSE,75.6,75.6,15,15
2024caoc,4,FALSE,119.9,119.9,10.3,10.2
2024caoc,589,TRUE,102,102,13.8,13.2
2024caoc,812,FALSE,84.3,84.3,10.7,10.6
2024caoc,867,FALSE,99.2,99.2,13.4,13.4
2024caoc,1967,FALSE,122.1,122.1,10.1,10.6
2024caoc,2485,FALSE,102,102,10.5,10.2
2024caoc,3020,FALSE,72.1,72.1,12.4,9.6
2024caoc,3295,FALSE,43.5,50.7,12.2,12.1
2024caoc,3309,FALSE,110,110,11.2,10.9
2024caoc,3473,FALSE,115.1,115.1,9.7,9.7
2024caoc,3476,FALSE,123.6,123.6,14.7,14.5
2024caoc,3952,TRUE,122.4,122.4,11.6,11.6
2024caoc,4079,FALSE,104.1,104.1,10.2,10.2
2024caoc,4141,FALSE,124.6,124.6,9.8,10.9
2024caoc,4160,FALSE,101.4,101.4,10.4,10.6
2024caoc,4276,FALSE,96.6,96.6,9.2,9.1
2024caoc,4415,FALSE,119,119,13.7,13.7
2024caoc,4470,TRUE,123.2,123.2,11.8,11
2024caoc,4619,TRUE,80.6,80.6,13,13
2024caoc,4964,FALSE,78.3,78.3,10.3,10.8
2024caoc,4984,TRUE,79.6,79.6,13,13
2024caoc,4999,FALSE,116.6,116.6,12,12
2024caoc,5124,FALSE,88.2,88.2,9,9
2024caoc,5199,FALSE,123.1,123.1,15,15
2024caoc,5285,FALSE,93.7,93.7,12.7,11.5
2024caoc,5500,FALSE,90.8,90.8,11.4,11.4
2024caoc,5805,TRUE,75,75,11.4,11.2
2024caoc,5835,FALSE,119.7,119.7,10.2,10.1
2024caoc,5924,FALSE,111.8,111.8,10,9.9
2024caoc,6220,FALSE,114,114,13.2,13.2
2024caoc,6560,TRUE,125,125,14.1,14.1
2024caoc,6995,FALSE,123.6,123.6,10.3,10.4
2024caoc,7042,FALSE,122.5,122.5,9.9,9.4
2024caoc,7157,FALSE,120.8,120.8,12.2,12.1
2024caoc,7415,FALSE,119.8,119.8,8.8,9.3
2024caoc,7447,FALSE,75.1,75.1,8.4,7.6
2024caoc,7607,FALSE,81.5,81.5,12,13.2
2024caoc,8033,FALSE,124.6,124.6,9.8,11.3
2024caoc,8521,FALSE,95.2,95.2,12.6,12.3
2024caoc,8600,FALSE,57,57,11.9,11.9
2024caoc,8805,FALSE,97,97,10.8,10.8
2024caoc,9037,FALSE,78.1,78.1,11.8,11.8
2024caoc,9271,FALSE,89.8,89.8,12.7,12
2024caoc,9301,FALSE,104.2,104.2,14.8,14.9
2024caoc,9505,FALSE,81.6,81.6,11.3,10.9
2024caoc,9520,FALSE,77.1,39.1,10.9,10.9
2024caoc,9696,FALSE,79.1,79.1,13.7,13.7
2024caoc,9772,FALSE,96.8,96.8,8.8,9.8
2024caph,4,FALSE,120.3,120.3,9.8,9.8
2024caph,498,FALSE,124.2,125,10.5,10.7
2024caph,696,FALSE,109.8,122.5,12.7,12.4
2024caph,973,FALSE,123.1,123,12.5,12.4
2024caph,980,FALSE,94,93.6,11,10.9
2024caph,1148,FALSE,117.5,117.5,14.6,14.8
2024caph,1159,FALSE,99.4,91,9.1,9.1
2024caph,1165,FALSE,125,125,14.4,14.4
2024caph,1197,FALSE,101.6,113,11.4,11.4
2024caph,1572,FALSE,119.3,130,11.7,11.1
2024caph,2102,FALSE,90,90,13.1,12.7
2024caph,2429,FALSE,100.5,100,10.6,10.7
2024caph,2485,FALSE,101.6,101,8.8,8.6
2024caph,2543,TRUE,104.6,114.9,10.3,7.1
2024caph,2658,FALSE,119.6,130,12.9,12.9
2024caph,2710,FALSE,93.3,95.1,12.4,12.8
2024caph,2839,FALSE,120,121,10,10.1
2024caph,3128,FALSE,112.3,112.3,8.9,8.4
2024caph,3255,FALSE,123.3,123,13.1,14
2024caph,3328,FALSE,66.1,67,9.8,11.1
2024caph,3473,FALSE,119.7,130,11.4,11.1
2024caph,3512,FALSE,122.2,122,11.7,11.7
2024caph,3647,FALSE,111,111,12.9,9.3
2024caph,3759,FALSE,78.6,91,10.9,10.9
2024caph,3863,FALSE,88.8,150,14.6,14.6
2024caph,4201,FALSE,106.6,106,10.5,10.4
2024caph,4322,FALSE,122.3,122.3,9.5,9.7
2024caph,4414,FALSE,124.9,140,12.2,13.6
2024caph,4415,FALSE,124.6,124.6,13.6,13.5
2024caph,4481,FALSE,112.1,111,14.2,14.1
2024caph,4501,FALSE,74.7,150,9.1,8.5
2024caph,5124,FALSE,89,89,8.8,8.7
2024caph,5137,FALSE,98.3,99,11.3,11.3
2024caph,5199,FALSE,121.3,121,15,14.7
2024caph,5419,FALSE,121.5,125,10.1,10.2
2024caph,6036,FALSE,123.6,124,12,11.6
2024caph,6658,FALSE,71.4,72,10.4,9.7
2024caph,6764,FALSE,85.3,86,9.5,9.5
2024caph,7157,FALSE,113.4,125,9.7,9.6
2024caph,7777,FALSE,72.6,73,12.8,12.8
2024caph,8006,FALSE,94.5,95,10.7,10.7
2024caph,8020,FALSE,110,110,11.4,11.4
2024caph,8119,FALSE,110.5,110,11.2,11.2
2024caph,8891,FALSE,94.3,95,11,11.6
2024caph,9408,FALSE,118,120,9.7,9.5
2024caph,9452,FALSE,104.5,105,12.3,12.3
2024caph,9505,FALSE,39.7,80,12.7,12.7
2024caph,9520,FALSE,45.8,46,11.6,11.4
2024caph,9538,FALSE,84.3,85,12.3,11.5
2024caph,9635,FALSE,115.6,126.6,11,10.9
2024casd,359,FALSE,120.4,121,14.6,14.5
2024casd,812,FALSE,82.6,87,10.6,10.5
2024casd,973,FALSE,122,122,12.4,12.2
2024casd,1266,FALSE,83.2,84,9.8,10.4
2024casd,1538,FALSE,103.9,101.8,11.7,11.5
2024casd,1572,FALSE,121.7,122,11.6,11.1
2024casd,1622,FALSE,112.9,113,12.8,12.6
2024casd,1972,FALSE,94.8,95,10.3,10
2024casd,2102,FALSE,96.2,97,13.2,12.7
2024casd,2485,FALSE,101.4,102,10.2,10.2
2024casd,2543,TRUE,96.7,95,10,9
2024casd,2658,TRUE,121.3,122,13.4,13.4
2024casd,2827,FALSE,59,59,10.4,10.4
2024casd,2839,FALSE,122,122,10,10.1
2024casd,2984,FALSE,100.7,106.5,12.3,12.3
2024casd,3128,FALSE,124.2,125,9.1,9.3
2024casd,3255,FALSE,123,123,13.2,14
2024casd,3341,FALSE,123.9,124,13.7,13.8
2024casd,3647,FALSE,109.5,110,9.1,12.2
2024casd,3704,FALSE,99.2,87,11.4,12.4
2024casd,3749,FALSE,107.5,108,9,8
2024casd,3880,FALSE,116.3,117,9.7,9.7
2024casd,3882,FALSE,123.6,124.7,10.2,11.5
2024casd,3965,FALSE,76.3,77,13.3,13.3
2024casd,4160,FALSE,99.5,99.5,10.4,10.2
2024casd,4270,FALSE,119.8,120,11.3,11.2
2024casd,4419,FALSE,114,113,11,10.9
2024casd,4738,FALSE,119.6,120,11.2,11.5
2024casd,4919,TRUE,122.2,122.2,9.7,9.8
2024casd,4984,FALSE,77.8,78,12.9,12.9
2024casd,5025,FALSE,117.5,117.5,10.8,10.5
2024casd,5137,FALSE,93.8,94,11.5,11.5
2024casd,5474,FALSE,104.7,106.1,10.6,10.6
2024casd,5514,FALSE,99.2,99.2,11.6,11.6
2024casd,5805,FALSE,84.4,85,11.3,11.3
2024casd,6072,FALSE,96.1,96.1,13.1,12.9
2024casd,6515,FALSE,89.1,90,10.3,10.4
2024casd,6695,FALSE,92.6,93,9.9,9.9
2024casd,6885,FALSE,75.5,76,12.8,12.8
2024casd,6995,FALSE,123.9,124,10.1,10.2
2024casd,7441,FALSE,99,99,9.7,9.7
2024casd,8119,FALSE,96.2,96.2,11.7,12
2024casd,8870,FALSE,78.5,79,13.6,13.6
2024casd,8888,FALSE,46.7,46.7,12.3,10.8
2024casd,8891,FALSE,97.6,97.6,14,14.1
2024casd,9030,FALSE,82.5,149,10.8,10.8
2024casd,9084,FALSE,123.2,123,10.5,11.2
2024casd,9452,FALSE,112.5,113,12.2,12.2
2024casd,9573,FALSE,75.7,73,11.6,11.6
2024casd,9615,FALSE,74.5,75,9.2,10.3
2024casd,9730,FALSE,66.2,67,12.5,12.5
2024cave,8,FALSE,118.3,118,9.7,9.8
2024cave,115,FALSE,102.8,102,9.8,9.7
2024cave,399,FALSE,105.3,102,10.6,10.3
2024cave,589,TRUE,100.3,114,13.5,14.1
2024cave,687,FALSE,116.2,116.2,10.6,10.8
2024cave,691,FALSE,75.2,76,9.7,10.2
2024cave,696,TRUE,113,113,12.8,12.6
2024cave,1138,TRUE,123.9,124,13.6,12.8
2024cave,1388,FALSE,97.7,98,11,10.6
2024cave,1661,FALSE,123.5,123,11.2,10.9
2024cave,2375,TRUE,111,111,12.6,12.1
2024cave,3216,FALSE,116.1,116,9.5,9.5
2024cave,3328,FALSE,68.9,68.9,9.9,12.9
2024cave,3476,FALSE,123.9,124,14.2,14.1
2024cave,3749,FALSE,107.6,107.6,7.5,8.5
2024cave,3863,TRUE,90.4,90,15,15
2024cave,3881,FALSE,83.2,83,9.8,9.8
2024cave,3925,TRUE,100.1,111,9.7,10.9
2024cave,3970,FALSE,122.1,122,12.2,12.5
2024cave,4014,FALSE,46.9,47,12.5,12.7
2024cave,4019,FALSE,122,122,12,12
2024cave,4276,FALSE,81.9,82,9.4,9.3
2024cave,4414,FALSE,124.9,124.9,11.1,12.5
2024cave,4481,FALSE,113.4,115,14.4,14.2
2024cave,4711,FALSE,64.5,64.5,8.8,8.6
2024cave,4738,FALSE,120.3,120.3,11.3,11.5
2024cave,4817,TRUE,70.6,71,14.9,15
2024cave,5012,FALSE,99,99,10.5,10.9
2024cave,5136,FALSE,123,123,10.3,10.1
2024cave,5285,FALSE,91.2,91,12.9,11
2024cave,5817,FALSE,118,118,14.1,14.1
2024cave,5835,FALSE,112.8,113,10.4,10.4
2024cave,6060,FALSE,75.5,75,9.6,10.8
2024cave,6764,TRUE,80.1,80,9.8,9.8
2024cave,6885,FALSE,80.3,80.3,12.8,12.8
2024cave,6934,FALSE,91.6,92,13.2,13.3
2024cave,6995,FALSE,122.7,123,10.3,10.4
2024cave,7323,TRUE,104.1,104,12.2,12.2
2024cave,7327,FALSE,74.3,74,15,15
2024cave,8005,TRUE,111.9,112,10,9.5
2024cave,8060,FALSE,78.2,78,9.3,8.2
2024cave,8521,FALSE,91.8,91.8,12.5,12.2
2024cave,8533,FALSE,54.3,53,12.5,12.5
2024cave,8768,FALSE,101.8,102,12.7,12.7
2024cave,9084,FALSE,123.8,124,10.5,10.8
2024cave,9172,FALSE,53.7,53.7,11.2,11.2
2024cave,9421,TRUE,91.3,91,14.5,14.5
2024cave,9635,FALSE,115.1,115,11.1,11
2024code,159,FALSE,117.9,120.5,12.5,12.4
2024code,568,TRUE,102.2,102.2,9.7,9.8
2024code,662,FALSE,66.9,66.9,11.9,11.8
2024code,1011,FALSE,58.7,58.7,10.4,9.6
2024code,1108,FALSE,99.9,98.1,14.9,14.8
2024code,1138,TRUE,106.6,106.6,13.2,12.4
2024code,1303,TRUE,96.1,96.1,10.6,10.6
2024code,1339,FALSE,119.9,119.9,14.8,14.8
2024code,1410,FALSE,117,117,12.9,14
2024code,1619,TRUE,117.2,117.2,11.5,13.2
2024code,1799,TRUE,115.4,115.4,13.1,13.1
2024code,1822,FALSE,73.1,73.1,9.3,9
2024code,1868,FALSE,121.7,121.7,11.5,11.8
2024code,1977,FALSE,76.8,76.8,9.1,9.8
2024code,2036,FALSE,83.3,83.3,15,14.9
2024code,2083,FALSE,115.9,113.4,10.2,10.4
2024code,2240,FALSE,117.2,117.2,11.1,11.9
2024code,2259,FALSE,84.5,84.5,9.6,9.6
2024code,2261,FALSE,107.4,107.4,11.1,11.6
2024code,2945,FALSE,107,107,13.4,13.4
2024code,2996,TRUE,120.5,120.5,9.6,11.5
2024code,3006,FALSE,100,100,9.9,9.3
2024code,3200,FALSE,99.8,99.8,13.1,13.6
2024code,3374,FALSE,95.8,95.8,12.3,11.7
2024code,3648,FALSE,95.3,95.3,12.8,12.8
2024code,3729,FALSE,118.7,118.7,12.3,12.4
2024code,3807,FALSE,77.4,77.4,11,11.8
2024code,4009,FALSE,114.7,114.7,12.3,12.2
2024code,4010,FALSE,86,86,12.4,12.4
2024code,4068,FALSE,123.2,123.2,10.6,10.8
2024code,4293,FALSE,115.6,115.7,9.2,9.3
2024code,4388,FALSE,98.1,98.1,13.8,13.8
2024code,4418,FALSE,104,104,9.2,9.2
2024code,4499,FALSE,123.6,123.6,12.3,12.2
2024code,4550,FALSE,108.1,108.2,12.4,12.4
2024code,4593,FALSE,118.1,118.1,10.5,10.5
2024code,4944,FALSE,124.5,124.5,9.8,10
2024code,5232,FALSE,109.4,109.4,14.2,13.6
2024code,5493,FALSE,98.9,98.8,13.2,13.2
2024code,5690,FALSE,119.8,119.8,13.8,11.9
2024code,7243,TRUE,103.3,103.3,12.7,12.7
2024code,7479,FALSE,97.3,97.3,13.4,13.4
2024code,7485,FALSE,64,64,13.9,13.8
2024code,7737,FALSE,67,67,11.6,11.6
2024code,8334,FALSE,106.9,106.9,11.4,11.2
2024code,9068,TRUE,90,90,11.8,11.7
2024code,9112,FALSE,71.8,40.1,10.6,10.6
2024code,9552,FALSE,67.8,67.8,15,15
2024code,9586,FALSE,82.7,82.8,14.1,14.1
2024fim2,27,FALSE,122.8,122.8,12.6,12.9
2024fim2,51,FALSE,124.5,124.5,12.9,12.9
2024fim2,70,FALSE,123.8,123.8,10.4,10.6
2024fim2,85,FALSE,113.8,113.8,13.1,13.3
2024fim2,245,FALSE,118.9,118.9,11.6,11.7
2024fim2,503,FALSE,106.3,106.3,11.4,11.4
2024fim2,548,TRUE,121,121,13.8,12.1
2024fim2,910,FALSE,114.3,114.3,13.5,13.5
2024fim2,2851,FALSE,124.4,124.4,14.3,14.5
2024fim2,2960,TRUE,117.5,117.5,12.5,12.7
2024fim2,3175,FALSE,116.7,116.7,15,15
2024fim2,3322,FALSE,120.1,120.1,12,10.3
2024fim2,3452,FALSE,110.1,110.1,14.7,14.8
2024fim2,3602,FALSE,109.6,109.6,13.3,13.3
2024fim2,3620,FALSE,120.9,120.9,14.2,14.2
2024fim2,3655,TRUE,121.5,121.5,11.5,11.5
2024fim2,3707,FALSE,122.7,122.7,13.2,13.7
2024fim2,4004,FALSE,104.2,104.2,12.6,12.7
2024fim2,4237,TRUE,123.4,123.4,13.7,13.7
2024fim2,4391,FALSE,114.4,114.4,10.9,10.9
2024fim2,4392,FALSE,115.7,115.7,12.3,12.4
2024fim2,4405,FALSE,101.4,101.4,12.4,12.1
2024fim2,5084,TRUE,124.3,124.3,13.3,13.1
2024fim2,5152,FALSE,117.8,117.8,10.7,11
2024fim2,5216,FALSE,115,115,12.4,11.8
2024fim2,5424,FALSE,98.9,98.9,12.7,13.8
2024fim2,5505,TRUE,120.5,120.5,14.3,14.3
2024fim2,5533,FALSE,105.5,105.5,13.3,13.3
2024fim2,5561,FALSE,111,111,8.2,8.5
2024fim2,5612,FALSE,123.5,123.5,9.9,9.6
2024fim2,5712,FALSE,123.5,123.5,14.8,14.8
2024fim2,5901,FALSE,105.8,105.8,12.4,13.2
2024fim2,6085,FALSE,123.3,123.3,11.3,11.3
2024fim2,6528,FALSE,112.5,112.5,11.3,11.1
2024fim2,6569,FALSE,102.4,102.4,14.7,14.7
2024fim2,7174,FALSE,114.8,114.8,13.7,14.8
2024fim2,7197,FALSE,112.4,112.4,9.2,9.9
2024fim2,7211,FALSE,101.1,101.1,12.1,11.9
2024fim2,8286,FALSE,89.6,89.6,10.1,10.2
2024fim2,9743,FALSE,83.3,83.3,13.3,13.3
2024fit1,118,FALSE,124.9,124.9,12.8,12.8
2024fit1,231,FALSE,108.7,108.7,12.2,12
2024fit1,418,FALSE,110.7,110.7,12.7,13.1
2024fit1,1477,FALSE,124,124,12.6,13.3
2024fit1,1745,FALSE,103.3,103.3,10.6,11
2024fit1,2158,FALSE,121.3,121.3,11.6,11.9
2024fit1,2468,FALSE,87.9,87.9,11.7,11.2
2024fit1,2582,FALSE,123.5,123.5,13.7,13.7
2024fit1,2583,FALSE,87.2,87.2,10,10.5
2024fit1,2881,FALSE,104.5,104.5,11.6,11.7
2024fit1,3005,FALSE,108.1,108.1,9.9,9.9
2024fit1,3035,FALSE,121.4,121.4,12.3,12.4
2024fit1,3561,FALSE,97.6,97.6,10.8,11
2024fit1,3676,FALSE,94.4,94.4,13.3,12.2
2024fit1,3735,FALSE,123.5,123.5,14.4,11.9
2024fit1,4639,FALSE,110.3,110.3,10.7,10.4
2024fit1,4641,FALSE,90.5,90.5,9.6,9.6
2024fit1,5103,FALSE,63.2,63.2,12.1,12
2024fit1,5411,FALSE,105.6,105.6,13.2,12.5
2024fit1,5503,FALSE,109.1,109.1,12.4,12.1
2024fit1,5829,FALSE,78.9,78.9,11.8,11.8
2024fit1,5892,FALSE,95.7,95.7,13,13
2024fit1,6357,FALSE,119,119,10,10.1
2024fit1,6377,FALSE,118.7,118.7,10.8,10.2
2024fit1,6672,FALSE,118.6,118.6,13.5,13.7
2024fit1,7312,FALSE,108.1,108.1,12.9,12.6
2024fit1,7503,TRUE,84.9,98,12.9,12.9
2024fit1,7616,FALSE,87.5,87.5,11.4,11.3
2024fit1,8019,FALSE,112.9,112.9,14.8,13.8
2024fit1,8370,FALSE,103.7,103.7,14.2,13.8
2024fit1,8507,TRUE,79.9,79.9,11.4,11.9
2024fit1,8573,FALSE,115.3,115.3,11.5,11.3
2024fit1,8576,FALSE,111.9,111.9,10.1,10.2
2024fit1,8598,FALSE,92.8,92.8,11.9,12.2
2024fit1,8732,FALSE,83.9,83.9,8.8,8.9
2024fit1,9105,FALSE,122.4,122.4,11.4,11.3
2024fit1,9128,FALSE,86.4,86.4,11.5,11.7
2024fit1,9136,FALSE,92,92,13,13
2024fit1,9140,FALSE,90,90,13.2,13.1
2024fit1,9407,FALSE,83.4,83.4,11.5,12.1
2024fit1,9478,FALSE,106,103.8,12.8,12.4
2024fit1,9492,FALSE,100.7,100.7,10.7,11.2
2024fit1,9752,FALSE,86.5,86.5,10.9,10.1
2024fit2,148,FALSE,114.8,114.8,14.9,15
2024fit2,324,FALSE,116.8,116.8,13.1,13.1
2024fit2,624,FALSE,115.9,115.9,9.4,9.6
2024fit2,1296,FALSE,108.5,108.5,10.3,10.4
2024fit2,2687,FALSE,88.1,88.1,10.7,10.6
2024fit2,2689,FALSE,60.6,69.2,11.7,11.9
2024fit2,2714,FALSE,114.6,114.6,10.5,10.2
2024fit2,2848,FALSE,120.3,120.3,14.6,14.9
2024fit2,2882,FALSE,85.9,76.5,8.6,9.7
2024fit2,3310,FALSE,122.5,122.5,10.3,10.2
2024fit2,3679,FALSE,95.2,95.2,13,13
2024fit2,3847,FALSE,123.9,123.9,15,14.7
2024fit2,4063,FALSE,97.6,97.6,11.7,11.6
2024fit2,4153,FALSE,100.3,100.3,10.2,10.2
2024fit2,4192,FALSE,107.6,107.6,10.6,10.3
2024fit2,4206,FALSE,109.1,109.1,11.3,11.6
2024fit2,5212,FALSE,113.6,113.6,13.2,12.9
2024fit2,5414,FALSE,109.1,106.9,9.1,9.2
2024fit2,5427,FALSE,117.2,117.2,14,14.6
2024fit2,5431,FALSE,118.6,118.6,12.9,12.9
2024fit2,5572,FALSE,111.4,111.4,11.2,11.2
2024fit2,6369,FALSE,107.4,107.4,13,12.4
2024fit2,6488,FALSE,70.8,70.8,14.6,14.6
2024fit2,6645,FALSE,100.1,100.1,12.3,12.9
2024fit2,6768,FALSE,100.5,100.5,9.9,10.3
2024fit2,6800,FALSE,124.7,124.7,10.9,11
2024fit2,7115,FALSE,66.7,66.7,12.1,11.4
2024fit2,7121,FALSE,107.1,107.1,11.6,11.6
2024fit2,7691,FALSE,111.2,111.2,13.9,13.9
2024fit2,8088,FALSE,106.5,106.5,10.6,10.9
2024fit2,8177,FALSE,122.8,122.8,13.3,13.4
2024fit2,8528,FALSE,69,69,12.5,12.6
2024fit2,8749,FALSE,89.9,89.9,8.1,6.8
2024fit2,8858,FALSE,81.4,81.4,10.6,10.9
2024fit2,8874,FALSE,110.6,110.6,10.9,11.2
2024fit2,9054,FALSE,100.6,102.9,12.9,13.1
2024fit2,9080,FALSE,88.3,88.3,9.5,9.7
2024fit2,9088,FALSE,119.1,119.1,8.4,8.4
2024fit2,9121,FALSE,67.7,67.7,9.3,10.9
2024fit2,9181,FALSE,106.9,106.9,11.8,12.1
2024fit2,9418,FALSE,110.2,110.2,9.9,9.9
2024fit2,9512,FALSE,88,88,12.4,12.5
2024fit2,9786,FALSE,90.7,90.7,14.2,14.8
2024gaalb,1261,FALSE,103.9,103.1,10.8,10.9
2024gaalb,1414,FALSE,101.2,101.2,11.1,10.5
2024gaalb,1771,FALSE,112.4,112.4,13.4,13.6
2024gaalb,2415,FALSE,92.9,92.9,11.9,12.4
2024gaalb,3329,FALSE,98.9,98.9,12.2,12.1
2024gaalb,3344,FALSE,98.4,98.4,11.3,11.3
2024gaalb,3635,TRUE,88.3,95.2,13.6,12.5
2024gaalb,4112,FALSE,111.3,111.3,10.8,11.1
2024gaalb,4240,FALSE,68,68,11.2,11.6
2024gaalb,4459,FALSE,59.9,59.9,11.7,11.7
2024gaalb,4468,FALSE,85.2,85.2,12.3,11.4
2024gaalb,4509,TRUE,109.8,109.8,12.2,12.6
2024gaalb,4730,FALSE,64.8,64.8,11.6,12.1
2024gaalb,5074,TRUE,87.9,87.9,12.4,12.3
2024gaalb,5219,FALSE,82.8,82.8,13.6,13.6
2024gaalb,5828,FALSE,63.3,63.3,11,12
2024gaalb,5848,FALSE,46.4,46.4,9.8,10.5
2024gaalb,6023,FALSE,93.3,93.3,13.2,13.2
2024gaalb,6829,FALSE,86.2,86.2,11.3,11.2
2024gaalb,6905,FALSE,50.8,50.8,13.8,13.8
2024gaalb,6919,FALSE,114.8,114.8,12.6,13.2
2024gaalb,6925,FALSE,117.4,130.4,14.6,14.6
2024gaalb,7104,FALSE,93.8,93.8,14.2,14.2
2024gaalb,7470,FALSE,107.7,107.7,10.9,10.8
2024gaalb,7514,FALSE,93.2,93.2,12.3,12.3
2024gaalb,7676,FALSE,73.4,73.4,13.7,13.5
2024gaalb,8815,FALSE,92,92,12.1,10.9
2024gaalb,8849,FALSE,117.2,117.2,11.7,11.7
2024gaalb,9260,FALSE,92.2,92.2,11.7,11.8
2024gacar,832,FALSE,78.1,78.1,10.7,10.7
2024gacar,1002,FALSE,68.6,76.3,9.9,10
2024gacar,1414,FALSE,97.7,101.8,11.8,11.3
2024gacar,1648,FALSE,106.9,106.8,14.3,14.1
2024gacar,1795,FALSE,61.2,61.2,13.5,13.5
2024gacar,2974,FALSE,99.7,109.7,13.8,13.7
2024gacar,3091,FALSE,89.9,89.9,14.1,14.1
2024gacar,3635,TRUE,88.5,95.6,14.6,14.6
2024gacar,3815,FALSE,85.4,85.4,12.4,12.1
2024gacar,4026,FALSE,113.3,122,7.4,7.4
2024gacar,4188,FALSE,107.3,110.8,13.5,12.8
2024gacar,4189,FALSE,111.1,111.1,10.9,11.5
2024gacar,4451,FALSE,119.6,119.6,10.7,10.8
2024gacar,4459,FALSE,60,60,11.9,9.5
2024gacar,4516,FALSE,61.6,61.6,8.8,8.9
2024gacar,5109,FALSE,98.5,98.5,12,11.5
2024gacar,5293,FALSE,113.7,113.7,14.7,14.2
2024gacar,5651,TRUE,71.3,71.3,12.6,12.6
2024gacar,5848,FALSE,46.5,54.5,14,13.5
2024gacar,5900,FALSE,88.4,89.2,10.8,10.9
2024gacar,6340,TRUE,107.6,118.3,10.6,10.4
2024gacar,6705,FALSE,88.6,88.6,11.4,11
2024gacar,6712,FALSE,93.2,93.2,10.6,10.4
2024gacar,6887,TRUE,69.1,69.1,11.9,11.2
2024gacar,6944,FALSE,79.8,79.8,13.4,13.4
2024gacar,7451,FALSE,123.6,123.6,12.8,13.6
2024gacar,8080,FALSE,107.8,107.8,10.3,10.8
2024gacar,8100,FALSE,97.7,97.7,13.8,13.1
2024gacar,8577,FALSE,50.1,50.1,11.6,12.2
2024gacar,8761,FALSE,71.2,71.2,9.4,9.6
2024gacar,8865,FALSE,92.9,92.9,10.9,10.2
2024gacar,8866,TRUE,119.8,119.8,14.9,14.9
2024gacar,9057,FALSE,68.4,68.4,12.1,12.6
2024gacar,9260,FALSE,92.7,92.7,12.3,12.2
2024gacar,9500,FALSE,85.3,85.3,12.5,12.6
2024gacar,9522,TRUE,84.8,84.8,12.3,12.3
2024gacar,9582,FALSE,60.9,60.9,12.6,11.8
2024gacar,9770,FALSE,64.5,64.5,13.1,11.4
2024gacmp,281,FALSE,125,125,11.3,11.3
2024gacmp,342,FALSE,100,100,11.7,11.7
2024gacmp,343,FALSE,97.6,97.6,11.4,11.1
2024gacmp,1102,FALSE,111.6,111.6,11.4,11.5
2024gacmp,1261,FALSE,105.4,105.4,10.8,10.9
2024gacmp,1287,FALSE,112,112,13.8,14.3
2024gacmp,1414,FALSE,102.6,102.6,12,12.7
2024gacmp,1648,FALSE,107.5,107.5,14.7,14.2
2024gacmp,1683,FALSE,114.4,114.4,12.5,12.5
2024gacmp,1746,FALSE,110.9,110.9,13.1,13
2024gacmp,1771,FALSE,98.8,98.8,13.3,13.6
2024gacmp,2415,FALSE,98.5,98.5,11.9,12.5
2024gacmp,2815,FALSE,98,98,12,11.9
2024gacmp,2974,FALSE,111.3,117.2,13.9,13.7
2024gacmp,3329,FALSE,99.1,99.1,12,12
2024gacmp,3489,FALSE,117.7,120,12.9,12.6
2024gacmp,3490,FALSE,115.4,115.4,13.4,12.9
2024gacmp,3635,TRUE,89,96,13.6,13.6
2024gacmp,3815,FALSE,84,84,11.8,11.4
2024gacmp,4026,FALSE,113.6,121.6,7.6,7.6
2024gacmp,4112,FALSE,113,113,10.9,11.2
2024gacmp,4188,FALSE,107.7,107.7,13,12.3
2024gacmp,4451,FALSE,121.9,121.9,9.7,9.7
2024gacmp,4509,TRUE,110.7,110.7,12.5,12.7
2024gacmp,4533,FALSE,96.7,96.7,12.4,12.9
2024gacmp,4701,FALSE,93.9,93.9,11.6,11.6
2024gacmp,5109,FALSE,103.5,103.5,11.2,11
2024gacmp,5130,FALSE,84.1,84.1,9.9,10.4
2024gacmp,5293,FALSE,119.9,119.9,13.4,14
2024gacmp,5900,FALSE,92.7,92.7,10.5,11
2024gacmp,6340,TRUE,108.7,119.7,9.9,9.7
2024gacmp,6366,FALSE,117.6,117.6,11.8,11.8
2024gacmp,6829,FALSE,87.2,87.2,11.1,11
2024gacmp,6919,FALSE,115.6,115.6,13.1,13.4
2024gacmp,6925,FALSE,117.7,130,14.7,14.7
2024gacmp,7104,FALSE,95.1,95.1,13.7,13.7
2024gacmp,7451,FALSE,114.3,114.3,12.6,13.7
2024gacmp,7538,FALSE,81.2,81.2,11,11.1
2024gacmp,8080,FALSE,107.8,107.8,11.8,12.3
2024gacmp,8575,FALSE,92.6,92.6,13.4,13.7
2024gacmp,8577,FALSE,85.8,85.8,10.8,11.3
2024gacmp,8736,FALSE,112,136.2,10.4,10.4
2024gacmp,8849,FALSE,115.7,115.7,11.9,11.9
2024gacmp,8865,FALSE,90.6,90.6,10.6,9.9
2024gacmp,9260,FALSE,92.1,92.7,10.5,11.5
2024gacmp,9477,FALSE,108.5,108.5,11.1,10.9
2024gacmp,9480,FALSE,75.5,75.5,9.7,10
2024gacmp,9500,FALSE,113,113,12.7,12.3
2024gacmp,9522,TRUE,86.6,86.6,12.1,12.2
2024gacmp,9571,FALSE,59.6,59.6,11.8,14.6
2024gadal,832,FALSE,75,75,10.9,10.9
2024gadal,1102,FALSE,102.4,102.1,7.2,6.9
2024gadal,1683,FALSE,106.5,106.5,12.9,12.9
2024gadal,1746,FALSE,113.8,113.8,13.2,13.2
2024gadal,1758,TRUE,111.6,111.6,10.6,11
2024gadal,3344,FALSE,103.5,103.5,11.6,11.6
2024gadal,3815,FALSE,81.8,81.8,12.4,11.9
2024gadal,4026,FALSE,116.6,103.9,7.3,7.3
2024gadal,4112,TRUE,114.2,114.2,10.9,11.2
2024gadal,4240,FALSE,103.8,103.8,12.2,12
2024gadal,4516,FALSE,60.3,60.3,9.7,9.4
2024gadal,4701,FALSE,85.1,85.1,10.7,10.7
2024gadal,5219,FALSE,83.7,83.7,13.8,13.8
2024gadal,5608,FALSE,75.5,79.7,12.2,12.2
2024gadal,5828,TRUE,82.4,63.6,10.9,11.7
2024gadal,5900,FALSE,87.2,86.7,10.3,10.9
2024gadal,6023,FALSE,89.3,89.3,13.8,13.8
2024gadal,6340,TRUE,104.8,104.8,10,9.7
2024gadal,6705,FALSE,82.6,82.6,10.5,10
2024gadal,6712,FALSE,92.3,98.4,10.2,10.2
2024gadal,6887,FALSE,50.7,50.7,10.4,10
2024gadal,6905,FALSE,46.1,46.1,13.4,13.4
2024gadal,6919,FALSE,107.8,107.8,12.7,13.2
2024gadal,6944,TRUE,89,89,12.4,12.4
2024gadal,7451,FALSE,121.8,121.8,13,14.2
2024gadal,7514,FALSE,89.3,89.3,12.7,12.7
2024gadal,7538,FALSE,77.9,77.9,11.3,11.3
2024gadal,8080,FALSE,103.5,103.5,9.8,10.1
2024gadal,8761,FALSE,46.7,46.7,8.7,9
2024gadal,8849,FALSE,90.3,90.3,11.5,11.5
2024gadal,8866,FALSE,120.6,122.4,15,
2024gadal,9057,FALSE,75.3,78,11.1,11.6
2024gadal,9480,TRUE,65.4,65.4,10,10.1
2024gadal,9500,FALSE,59.1,116.7,12.5,12.2
2024gadal,9582,FALSE,59.7,46.4,10.8,9.9
2024gadal,9770,FALSE,64.5,57.7,12.5,11
2024gagwi,1002,FALSE,68.2,62.6,8.5,8.9
2024gagwi,1261,FALSE,102.7,101,10.5,10.4
2024gagwi,1683,FALSE,107.9,107.9,12.6,12.6
2024gagwi,1746,FALSE,113.2,113.2,13.2,13.4
2024gagwi,1771,FALSE,96.8,96.8,13.4,13.7
2024gagwi,1795,FALSE,59.7,59.7,13.2,13.2
2024gagwi,2415,FALSE,92.1,92.1,11.9,12.4
2024gagwi,4188,FALSE,123.8,123.8,13.5,12.6
2024gagwi,4468,FALSE,83.4,83.4,12.1,11.6
2024gagwi,4509,TRUE,106.3,125,12.5,12.6
2024gagwi,4730,FALSE,60.1,60.1,11.4,12.2
2024gagwi,5074,FALSE,50,50,12.5,12.5
2024gagwi,5109,FALSE,94.6,95.9,11.2,11.1
2024gagwi,5293,FALSE,112.2,111.6,13.2,14.5
2024gagwi,5608,FALSE,80.2,80.2,12.5,12.5
2024gagwi,5651,TRUE,69.3,69.3,11.2,11.2
2024gagwi,6829,FALSE,82.4,81.4,11.3,11.3
2024gagwi,6910,FALSE,104.8,104.8,14.2,9.1
2024gagwi,7470,FALSE,106.4,106.4,10.7,10.7
2024gagwi,7538,FALSE,76.4,76.4,11,11.1
2024gagwi,8100,FALSE,95.3,95.3,12.2,11.7
2024gagwi,8577,FALSE,43.4,43.4,10.9,11.6
2024gagwi,8736,FALSE,112.3,136,10,9.7
2024gagwi,8815,FALSE,80.3,80.3,12,11
2024gagwi,8865,FALSE,96.3,96.3,10.6,9.9
2024gagwi,9086,TRUE,72.2,73.9,14.9,14.9
2024gagwi,9477,FALSE,90.5,90.5,11,11.2
2024gagwi,9480,FALSE,66.8,66.8,10.1,10.1
2024gagwi,9522,TRUE,72.8,72.8,12.1,12
2024gagwi,9561,FALSE,66.8,66.8,10.5,10.8
2024iacf,167,FALSE,122.8,122.8,13.5,13.3
2024iacf,525,TRUE,112.7,112.7,11.4,11.4
2024iacf,648,FALSE,110.6,110.6,12.9,12.9
2024iacf,967,TRUE,88.2,88.2,12.9,12.9
2024iacf,1156,TRUE,107.7,107.7,8.5,8.2
2024iacf,1625,TRUE,118.4,118.4,10.7,10.5
2024iacf,1785,TRUE,122.7,122.7,11.4,11.8
2024iacf,2526,TRUE,97,97,12.6,12.4
2024iacf,2654,TRUE,122.8,122.8,12.8,12.6
2024iacf,2847,TRUE,92.2,92.2,11.9,12.7
2024iacf,3723,TRUE,81.3,93,11.7,11
2024iacf,3928,TRUE,98.4,98.4,10.6,10.8
2024iacf,4143,TRUE,121.1,121.1,9.7,9.7
2024iacf,4260,TRUE,57.5,57.5,11.3,11.5
2024iacf,4607,TRUE,124.9,124.9,13.7,13.7
2024iacf,4624,TRUE,109.5,109.5,14.7,14.7
2024iacf,4646,TRUE,123.2,123.2,14.8,13.9
2024iacf,4655,FALSE,101.9,101.9,10.4,10.4
2024iacf,4728,TRUE,113.1,113.1,11.9,11.8
2024iacf,4859,TRUE,123.3,123.3,14.4,14.8
2024iacf,5041,TRUE,100,100,14.2,14.2
2024iacf,5275,TRUE,104.1,104.1,11.3,11.6
2024iacf,5576,FALSE,99.4,99.4,12.5,12.7
2024iacf,5837,TRUE,99.3,99.3,11.5,11.3
2024iacf,5935,TRUE,84.4,84.4,11.4,11.5
2024iacf,6217,FALSE,123.4,123.4,14,13.8
2024iacf,6419,TRUE,114.4,114.4,12,12.1
2024iacf,6420,FALSE,115.9,115.9,13,13
2024iacf,6424,TRUE,113.2,113.2,11.4,11.6
2024iacf,6455,FALSE,87.8,87.8,11.1,11
2024iacf,6706,FALSE,118.5,118.5,13.05,13
2024iacf,6805,FALSE,82.7,82.7,12.5,12.8
2024iacf,7021,FALSE,125,125,11.3,12.3
2024iacf,7309,TRUE,116.3,116.3,11.8,11.7
2024iacf,7531,FALSE,96.7,96.7,10.8,11.2
2024iacf,7541,FALSE,122.45,122.5,13.6,13.7
2024iacf,7848,FALSE,104.4,104.4,12.9,13.3
2024iacf,8298,FALSE,72,72,11.3,10.9
2024iacf,8737,FALSE,80,80,11,11
2024iacf,8744,FALSE,124.5,124.5,10.5,10.8
2024iacf,8766,TRUE,66.5,66.5,11.5,12.1
2024iacf,8770,FALSE,94.7,94.7,12.3,12.1
2024iacf,8821,FALSE,93.5,93.5,10.7,10.7
2024iacf,8822,TRUE,91.2,91.2,12.5,13.4
2024iacf,8824,FALSE,102.5,102.5,11.7,11.7
2024iacf,9061,TRUE,106.6,106.6,11.1,10.8
2024iacf,9092,TRUE,75.2,75.2,9.6,9.4
2024iacf,9495,TRUE,110.2,110.2,12,12.2
2024iacf,9508,TRUE,95.8,95.8,12.2,12.2
2024iacf,9543,TRUE,66,66,10.7,10.6
2024iacf,9570,TRUE,80.3,80.3,12,12.1
2024iacf,9579,FALSE,71.1,71.1,12.5,12.5
2024iacf,9639,TRUE,81.1,81.1,13.3,13.3
2024idbo,114,FALSE,115.8,115.8,14,12.7
2024idbo,192,FALSE,123,123,14.9,14.9
2024idbo,399,TRUE,103.5,103.5,10.8,10.5
2024idbo,846,FALSE,99.3,99.2,12.8,12.9
2024idbo,1566,FALSE,66.4,66.4,14,14
2024idbo,1569,FALSE,98,98,11.5,11.5
2024idbo,1891,FALSE,115.2,115.2,11.5,11.3
2024idbo,2122,FALSE,122.3,122.3,14.7,14.2
2024idbo,2130,TRUE,93.5,93.5,14.3,13.1
2024idbo,2288,FALSE,123.3,123.3,10.6,10.5
2024idbo,2584,FALSE,124.5,124.5,12.6,13.2
2024idbo,2594,TRUE,81.7,81.7,11.3,11.3
2024idbo,2813,FALSE,105.8,105.8,11.3,11.3
2024idbo,3166,FALSE,103,103,11.6,11.5
2024idbo,3245,FALSE,103.5,103.5,10.7,10.4
2024idbo,3288,FALSE,85.5,85.5,14.1,14.1
2024idbo,3405,FALSE,69.2,69.2,8,8
2024idbo,3669,TRUE,123.3,123.3,14.1,14.1
2024idbo,4175,TRUE,91,91,12.7,11.4
2024idbo,4598,TRUE,90.4,90.4,14,14
2024idbo,4698,FALSE,123,123,8.1,9.4
2024idbo,5461,FALSE,115.3,115.3,10.7,11.2
2024idbo,5480,FALSE,88.5,88.5,14.1,14.1
2024idbo,5871,FALSE,96.1,96.1,10.4,10.1
2024idbo,5933,TRUE,93.8,86.3,10.7,11.1
2024idbo,6036,FALSE,123,123,10.3,11.9
2024idbo,6358,TRUE,85.3,85.3,11,11.1
2024idbo,6364,FALSE,118,118,11.2,11.2
2024idbo,7634,FALSE,99.6,99.6,13.2,13.2
2024idbo,7895,FALSE,95.1,95.1,13.1,13.1
2024idbo,7906,FALSE,83.6,83.6,11.5,11.6
2024idbo,8546,FALSE,105.4,105.4,11.8,11.4
2024idbo,8551,FALSE,101.4,101.4,11.9,11.9
2024idbo,8756,FALSE,77.4,77.4,12,12
2024idbo,8839,FALSE,109.1,108.9,9.9,9.9
2024idbo,9044,FALSE,124.4,124.4,13.2,13.3
2024idbo,9114,FALSE,112.5,123.8,7.9,8
2024idbo,9138,FALSE,70.2,70.2,9.7,9.7
2024idbo,9243,FALSE,71.3,71.3,11.5,10.3
2024idbo,9314,FALSE,83.2,82.2,11.1,11.1
2024idbo,9438,FALSE,89,89,14.3,14.3
2024idbo,9726,FALSE,59.4,59.4,11.7,11.6
2024idbo,9737,FALSE,57,57,14.7,12.9
2024iscmp,1574,FALSE,116.14,116.14,13.28,13.4
2024iscmp,1576,FALSE,81.9,81.9,11.5,11.46
2024iscmp,1577,FALSE,118.22,118.22,11,10.18
2024iscmp,1657,FALSE,108.28,120.86,12.06,11.98
2024iscmp,1690,FALSE,96.74,96.74,12.68,12.2
2024iscmp,1937,FALSE,107.64,107.64,14.46,13.44
2024iscmp,1942,FALSE,101.56,101.56,10.72,10.86
2024iscmp,2096,FALSE,105.3,105.3,10.9,11
2024iscmp,2231,FALSE,124.6,124.6,12.38,11.96
2024iscmp,2630,FALSE,119.82,132,10.38,12.08
2024iscmp,2679,FALSE,97.32,110.22,12.58,12.9
2024iscmp,3065,FALSE,112.4,112.4,11.34,13.52
2024iscmp,3075,TRUE,124.89,124.89,13.9,13.9
2024iscmp,3083,FALSE,95.26,95.3,12.2,11.13
2024iscmp,3211,FALSE,124.8,124.8,10.4,9.56
2024iscmp,3316,FALSE,106.4,106.4,12.7,13.44
2024iscmp,3339,FALSE,96.72,96.72,11.2,11.6
2024iscmp,3835,FALSE,103.74,103.74,9.08,9.46
2024iscmp,4320,FALSE,90.96,90.5,12.34,11.94
2024iscmp,4338,FALSE,89.72,102.4,12.7,12.7
2024iscmp,4416,FALSE,104.4,114.4,14.58,14.9
2024iscmp,4590,FALSE,115.1,115.1,12.04,12.12
2024iscmp,5135,FALSE,100.46,113,12.54,12.42
2024iscmp,5554,FALSE,124.9,124.9,13.58,13.58
2024iscmp,5614,FALSE,121.06,130,11.98,11.8
2024iscmp,5635,FALSE,107.86,107.86,12.08,12.2
2024iscmp,5654,FALSE,121.94,121.94,11.24,10.78
2024iscmp,5715,FALSE,117.64,117.64,13.58,14.04
2024iscmp,5928,TRUE,92.9,95.32,10.82,10.72
2024iscmp,5951,FALSE,116.38,120,9.58,9.2
2024iscmp,5987,FALSE,112.8,112.8,10.24,9.8
2024iscmp,5990,FALSE,124.4,124.4,10.8,11.02
2024iscmp,6104,FALSE,111.3,111.3,10.5,10.6
2024iscmp,6168,FALSE,120.1,120.1,13.04,13.26
2024iscmp,6738,FALSE,93.76,94.28,11.78,11.68
2024iscmp,6740,FALSE,113.82,120,12.72,12.9
2024iscmp,7039,FALSE,111.68,111.68,14.16,14.34
2024iscmp,7067,FALSE,109.8,109.8,10.92,10.88
2024iscmp,7112,FALSE,97.24,97.24,11.82,11.82
2024iscmp,7177,FALSE,117.6,117.6,12.9,12.92
2024iscmp,7845,FALSE,121.06,121.06,11.4,12.54
2024iscmp,8223,FALSE,106.1,106.1,11.3,11
2024iscmp,9738,TRUE,108,108,12.42,11.96
2024iscmp,9739,FALSE,93.8,104.4,10.44,10.66
2024iscmp,9740,FALSE,107.98,118,13.86,13.2
2024isde1,1574,FALSE,117.4,117.36,13.3,13.5
2024isde1,1576,FALSE,97.42,97.42,11.46,11.68
2024isde1,1577,FALSE,124.25,124.26,9.86,9.7
2024isde1,1580,TRUE,83.7,83.7,9.86,10.24
2024isde1,1690,FALSE,96,96,13,13
2024isde1,1942,FALSE,99.2,99.42,10.2,10.2
2024isde1,2230,TRUE,112.6,,11.5,12.5
2024isde1,2630,FALSE,123.92,123.92,10.22,12.8
2024isde1,2679,FALSE,93.2,93.2,12.2,12.9
2024isde1,3065,FALSE,90.44,90.44,11.52,11.62
2024isde1,3083,FALSE,87,87,12.6,11.6
2024isde1,3211,FALSE,124.96,124.96,10.5,9.7
2024isde1,3316,FALSE,117.62,117.62,10.52,11.34
2024isde1,3339,FALSE,92,92,10.8,11
2024isde1,4319,FALSE,91,91,11,11
2024isde1,4320,FALSE,87.2,87.2,12.2,11.8
2024isde1,4338,FALSE,116.4,145,13,13
2024isde1,5135,FALSE,92.2,92.2,12.3,9
2024isde1,5654,FALSE,116,116,5,5
2024isde1,5715,FALSE,112.6,126.2,13.5,13.9
2024isde1,5951,FALSE,115.76,115.76,9.56,9.16
2024isde1,5990,FALSE,124.8,124.8,13.52,13.4
2024isde1,6230,FALSE,78,78,10,10
2024isde1,6738,FALSE,92.8,103,12.2,11.8
2024isde1,6740,FALSE,119,119,13,13
2024isde1,7067,FALSE,108.07,108.08,10.7,10.8
2024isde1,7177,FALSE,100.88,100.88,13.04,12.98
2024isde1,8175,FALSE,84,84,13.8,13.8
2024isde1,9303,FALSE,90,90,12,12
2024isde1,9738,TRUE,89,100,12,12
2024isde1,9740,FALSE,109.16,109.16,13.84,13.16
2024isde2,1657,FALSE,112,112,12,12
2024isde2,1937,FALSE,106.98,146.69,13.76,14.12
2024isde2,1943,FALSE,93.6,108.8,9.8,9.8
2024isde2,1954,FALSE,74.8,96.5,9.54,9.4
2024isde2,2096,FALSE,99.8,99.8,10,10.3
2024isde2,2212,FALSE,109.88,109.88,12.2,12.24
2024isde2,2231,FALSE,124.5,124.5,11.1,10.9
2024isde2,3075,TRUE,123,123,13.8,13.8
2024isde2,3388,FALSE,114,138,10.22,10.92
2024isde2,3835,FALSE,101.86,120,9.56,9.56
2024isde2,4416,FALSE,77.6,99.1,14.36,14
2024isde2,4586,FALSE,118.62,118.62,13.84,14.08
2024isde2,4590,FALSE,112.8,112.8,12,12
2024isde2,4661,FALSE,103,103,11.8,11.5
2024isde2,4744,FALSE,114.32,114.32,12.96,11.68
2024isde2,5554,FALSE,124.22,124.22,13.75,13.75
2024isde2,5614,FALSE,111.54,117.54,11.66,11.84
2024isde2,5635,FALSE,118.34,142.96,12.06,12.12
2024isde2,5928,FALSE,93.86,93.86,11.04,10.8
2024isde2,5951,FALSE,115.1,115.1,9.4,9.1
2024isde2,5987,FALSE,123.2,123.2,9.7,9.7
2024isde2,6104,FALSE,107.96,107.96,10.64,10.74
2024isde2,6168,FALSE,117.54,142,13,13.2
2024isde2,6741,FALSE,65.94,89.36,9.5,10.42
2024isde2,7039,FALSE,110.84,130,14.1,14.34
2024isde2,7112,FALSE,93.6,93.6,11.9,11.9
2024isde2,7845,FALSE,117.6,117.6,12.56,12.56
2024isde2,8223,FALSE,112,125.2,10.82,11.28
2024isde2,9304,FALSE,66,66,13.4,14.1
2024isde2,9739,FALSE,92.44,92.44,10.3,10.5
2024isde3,1574,FALSE,119.42,119.42,13.3,13.44
2024isde3,1576,FALSE,80.6,80.56,11.42,11.4
2024isde3,1577,FALSE,117.44,117.44,9.76,9.64
2024isde3,1580,FALSE,83.5,93.8,10,9.2
2024isde3,1690,FALSE,96.12,96.14,12.3,12.3
2024isde3,2679,FALSE,81.7,82.96,12.34,12.48
2024isde3,3065,FALSE,112.1,123.5,11.3,11.1
2024isde3,3083,FALSE,89.76,89.78,12.12,10.98
2024isde3,3316,FALSE,107.48,,12.5,12.5
2024isde3,3339,FALSE,98.78,98.78,10.06,10.84
2024isde3,3835,FALSE,101.52,101.52,6.96,7.62
2024isde3,4338,FALSE,108.54,120,13.15,13.15
2024isde3,4416,FALSE,103.74,103.2,14.5,14.7
2024isde3,5135,FALSE,101.26,101.26,12.3,12.3
2024isde3,5291,FALSE,102.3,102.3,10.3,10.3
2024isde3,5635,FALSE,118.72,118.72,12.03,12.18
2024isde3,5654,FALSE,124.56,124.56,11.2,10.74
2024isde3,5715,FALSE,115.32,115.32,13.4,13.94
2024isde3,5987,TRUE,110.94,110.94,9.66,9.7
2024isde3,6738,FALSE,93.18,100,11.74,11.68
2024isde3,6740,FALSE,111.58,,12.88,13.09
2024isde3,6741,FALSE,70.6,81,10.4,10
2024isde3,7067,FALSE,109.64,109.64,10.94,10.76
2024isde3,7177,FALSE,114.68,114.68,12.92,12.84
2024isde3,7845,TRUE,117.98,117.98,11.34,12.46
2024isde3,8175,FALSE,85.82,85.82,13.96,13.96
2024isde3,9303,FALSE,80.8,93.2,12.4,12.8
2024isde3,9740,FALSE,104.5,118.3,13.2,13.8
2024isde4,1657,FALSE,101.92,101.92,12.08,11.9
2024isde4,1937,FALSE,98.54,98.54,13.86,13.8
2024isde4,1942,FALSE,100.54,111,10.38,10.46
2024isde4,1943,FALSE,106.82,118,11.04,11.04
2024isde4,1954,FALSE,101,101,9.48,9.36
2024isde4,2096,FALSE,101.68,117.58,10.3,10.4
2024isde4,2212,FALSE,107,107,12.44,12.62
2024isde4,2230,TRUE,121.38,126.26,12.08,12.2
2024isde4,2231,FALSE,124.8,124.8,12.68,12.25
2024isde4,2630,FALSE,103.48,103.48,10.26,12.08
2024isde4,3075,TRUE,124.08,124.08,13.86,13.86
2024isde4,3211,FALSE,123.02,145.44,10.42,9.6
2024isde4,3388,FALSE,118.2,118.25,10.3,10.9
2024isde4,4319,FALSE,66.8,66.8,10.9,10.5
2024isde4,4320,FALSE,90.7,100,12.16,11.8
2024isde4,4586,FALSE,91.98,91.98,13.85,14.06
2024isde4,4590,FALSE,112.88,112.88,12.1,12
2024isde4,4661,FALSE,103.12,103.12,12.5,12.14
2024isde4,4744,FALSE,112.52,120,12.88,11.88
2024isde4,5291,FALSE,123.18,123.18,10.4,10.4
2024isde4,5554,FALSE,124.9,138.46,13.58,13.58
2024isde4,5614,FALSE,115.12,115.12,11.2,11.5
2024isde4,5928,FALSE,94.8,111.3,10.8,10.6
2024isde4,5990,FALSE,119.74,129.89,10.78,11.12
2024isde4,6104,FALSE,110.1,110.1,10.62,10.66
2024isde4,6168,FALSE,118.3,118.3,13.04,13.22
2024isde4,7039,FALSE,110.2,110.88,14.5,14.36
2024isde4,7112,FALSE,93.34,93.34,11.78,11.78
2024isde4,8223,FALSE,105.34,105.36,11.18,11.46
2024isde4,9304,FALSE,92.08,92.08,13.4,13.28
2024isde4,9738,TRUE,95.9,95.9,12.4,12
2024isde4,9739,FALSE,96.6,96.6,10.5,10.6
2024mawor,69,TRUE,106.9,,11,11
2024mawor,151,TRUE,99.3,99.3,12,11.6
2024mawor,157,TRUE,93,93,9.3,9.7
2024mawor,190,TRUE,125,,11.4,11.4
2024mawor,237,TRUE,109,,,
2024mawor,348,TRUE,84.8,,,
2024mawor,1027,TRUE,110.1,110.1,11.6,11.5
2024mawor,1100,TRUE,115.2,,,
2024mawor,1757,TRUE,124,,,
2024mawor,1768,TRUE,123.8,124,13.1,13.1
2024mawor,2079,TRUE,122,122,12.1,12.1
2024mawor,2168,TRUE,121.7,121.7,13.8,13.8
2024mawor,2262,TRUE,123.5,,,
2024mawor,2370,TRUE,100,,,
2024mawor,2712,TRUE,119.6,119.6,12.9,12.7
2024mawor,3205,TRUE,100,,,
2024mawor,3323,TRUE,97.4,97.4,11.5,10.7
2024mawor,3623,TRUE,85.6,85.6,11.7,11.6
2024mawor,4048,TRUE,114.9,115,10.8,10.8
2024mawor,4987,TRUE,104,,,
2024mawor,5000,TRUE,113.4,113.4,12.8,12.8
2024mawor,5347,TRUE,100.4,100.4,13.8,13.7
2024mawor,5491,TRUE,63.8,64,10.9,11.1
2024mawor,5735,TRUE,124,124,12.5,12.5
2024mawor,5962,TRUE,103.9,,,
2024mawor,6333,TRUE,101.9,101.9,11.2,10.9
2024mawor,6620,TRUE,100,,,
2024mawor,6731,TRUE,100.5,100,8.9,8.9
2024mawor,6933,TRUE,90.9,90.9,12.1,12.1
2024mawor,7760,TRUE,98.9,98.9,9.6,10.6
2024mawor,8013,TRUE,110,110,13.1,13.1
2024mawor,8544,TRUE,114.9,,,
2024mawor,8604,TRUE,107.3,,,
2024mawor,9056,TRUE,77.7,77.7,11.6,11.5
2024mawor,9101,TRUE,86,86,11.5,10.5
2024mawor,9644,TRUE,79.1,,,
2024mdowi,449,FALSE,107.9,107.9,10.9,10.7
2024mdowi,614,FALSE,102.3,102.3,11.7,12.1
2024mdowi,686,TRUE,101.4,101.4,11.5,11.8
2024mibro,247,FALSE,94,94,11,11
2024mibro,280,FALSE,123,123,11,10
2024mibro,815,FALSE,98.7,98.7,10.7,10.8
2024mibro,1025,FALSE,121.5,121.5,13.6,13.3
2024mibro,1189,TRUE,101.6,101.6,11,11
2024mibro,2620,TRUE,120,120,11.4,11.4
2024mibro,2851,FALSE,123.4,123.4,14.4,14.6
2024mibro,3096,FALSE,59.4,71.1,11.7,11.7
2024mibro,3604,TRUE,123,123,12,12
2024mibro,5050,FALSE,76.3,76.3,11.3,11
2024mibro,5053,FALSE,84.6,84.6,9.7,11.2
2024mibro,5067,FALSE,78.3,77.1,10.3,9.5
2024mibro,5090,FALSE,106.7,106.7,11.9,11.9
2024mibro,5263,FALSE,79,91.2,12,12
2024mibro,5436,FALSE,108.5,108.5,10.4,10.2
2024mibro,5498,FALSE,93,93,13,13
2024mibro,5555,FALSE,98.4,98.4,11.35,11.45
2024mibro,5567,FALSE,92.3,92.3,8.6,8.6
2024mibro,5619,FALSE,61.6,61.6,12.3,11.5
2024mibro,5695,FALSE,100,110,9.75,11.5
2024mibro,5697,TRUE,99.2,99.2,10.5,10.5
2024mibro,6029,TRUE,84,84,12,12
2024mibro,6528,FALSE,109.7,109.8,11.1,11.1
2024mibro,6618,FALSE,103,103,12,12
2024mibro,6914,FALSE,108.5,108.5,11.8,11.8
2024mibro,7174,FALSE,112.2,112.2,12.6,13
2024mibro,7191,FALSE,57.4,57.4,12.2,12.2
2024mibro,8124,FALSE,65.4,65.4,15,15
2024mibro,8362,FALSE,56.8,56.8,10.4,11
2024mibro,8426,FALSE,100,100,12,12
2024mibro,8427,FALSE,77,77,13,13
2024mibro,8623,FALSE,57,57,14,14
2024mibro,9182,FALSE,107,106.5,12,12
2024mibro,9226,FALSE,79,79,11.4,11.4
2024mibro,9255,FALSE,112.8,112.8,12.7,12.7
2024mibro,9736,FALSE,86.75,86.75,13.6,14.15
2024mibro,9744,FALSE,84.1,97.2,11.8,13.1
2024mibro,9747,TRUE,51,51,12,12
2024mibro,9748,FALSE,40.05,40.25,11.1,11.25
2024midet,123,FALSE,76.4,76.4,12.1,11.8
2024midet,862,FALSE,124,124.8,14.3,14.7
2024midet,2224,FALSE,95.9,95.9,13.8,13.8
2024midet,2591,FALSE,50.7,50.7,12.2,12.2
2024midet,2673,FALSE,84.8,84.8,13.4,13.4
2024midet,3302,FALSE,94.4,94.4,10.3,10.1
2024midet,3632,FALSE,114.1,114.1,14.6,14.6
2024midet,4130,FALSE,105.2,,12.6,13.6
2024midet,4390,FALSE,56.9,56.9,13.5,13.5
2024midet,4405,FALSE,102,102,12.7,12.5
2024midet,4680,FALSE,78,78,10.7,10.8
2024midet,4758,FALSE,51.6,51.6,14.4,14.4
2024midet,4768,FALSE,75.1,75.1,11.9,11.9
2024midet,4851,FALSE,99.9,99.9,14.4,14.7
2024midet,4854,FALSE,115.6,115.6,14.4,14.4
2024midet,5214,FALSE,94.9,94.9,11.4,12
2024midet,5530,FALSE,113.4,113.4,13.2,13.4
2024midet,5532,FALSE,57.2,57.4,13.5,13.5
2024midet,5619,FALSE,61.7,61.7,12.6,12.5
2024midet,5642,FALSE,99.3,99.3,14.2,14.2
2024midet,5695,FALSE,103.3,103.3,9.6,11.4
2024midet,5756,FALSE,71.3,71.3,14,14
2024midet,5901,FALSE,106.6,106.6,13.3,13.3
2024midet,6096,FALSE,58,58,12.5,12.5
2024midet,6152,FALSE,113.1,144,10.9,9.2
2024midet,6190,FALSE,96,96,14.9,14.9
2024midet,6532,FALSE,101.9,101.9,9.7,9.7
2024midet,6616,FALSE,78.1,78.1,11.5,10.9
2024midet,7196,FALSE,81.4,81.4,13.1,12.3
2024midet,7224,TRUE,98.5,98.5,14.3,14.3
2024midet,7692,FALSE,85,85,13.2,13.2
2024midet,7716,FALSE,79.5,79.5,10.7,10.3
2024midet,7856,FALSE,59.7,59.7,14.8,14.8
2024midet,7865,FALSE,62.9,62.9,12.7,11.9
2024midet,8280,FALSE,107.4,107.4,10.5,10.9
2024midet,8352,FALSE,75.2,75.2,11.7,11.7
2024midet,8362,FALSE,54.2,54.2,10.6,12.6
2024midet,8899,FALSE,46.7,46.7,14.4,14.4
2024midet,9727,FALSE,56.2,56.2,11.5,11.5
2024midet,9744,FALSE,89.2,144,13,13
2024midtr,123,FALSE,79.1,79.1,12,11.9
2024midtr,815,FALSE,102.1,102.1,10.8,10.8
2024midtr,1701,FALSE,100.6,100.6,9.8,10
2024midtr,2048,FALSE,74.5,74.5,11.7,11.7
2024midtr,2591,FALSE,49.9,49.9,14.3,14.3
2024midtr,2620,FALSE,120.7,120.7,11.6,11.6
2024midtr,2673,FALSE,84.4,84.4,13.3,13.3
2024midtr,3096,FALSE,91.5,91.5,12.5,12.5
2024midtr,3539,FALSE,121.7,121.7,10.8,10.6
2024midtr,3619,FALSE,41.5,41.5,9.2,9.2
2024midtr,3632,FALSE,111.8,111.8,14.7,14.7
2024midtr,4390,FALSE,57,57,13.4,13.4
2024midtr,4680,FALSE,72.8,72.8,10.8,10.7
2024midtr,4758,FALSE,54.5,54.4,13.8,13.8
2024midtr,4768,FALSE,75,75,11.8,11.8
2024midtr,4838,FALSE,57.3,57.3,11,11.5
2024midtr,4851,FALSE,57.1,57.1,15,15
2024midtr,5065,FALSE,66.6,66.6,14,14
2024midtr,5197,FALSE,60.3,60.3,15,15
2024midtr,5467,FALSE,41.6,41.6,11.6,11.6
2024midtr,5478,FALSE,57.9,57.8,11.6,11.6
2024midtr,5532,FALSE,57.8,57.8,14.1,14.1
2024midtr,5756,FALSE,69,69,13.7,13.7
2024midtr,5901,FALSE,102,102,12.5,13.4
2024midtr,6029,TRUE,86.1,86.1,12.5,12.7
2024midtr,6096,FALSE,57.9,57.9,12.4,12.4
2024midtr,6099,FALSE,99.6,99.6,9.5,10
2024midtr,7145,FALSE,56.3,56.2,12.5,12.5
2024midtr,7174,FALSE,113.1,113.1,12.5,12.8
2024midtr,7196,FALSE,74,74,13.1,12.5
2024midtr,7224,TRUE,97.4,97.4,14.3,14.3
2024midtr,7769,FALSE,114.1,114.1,14.6,14.4
2024midtr,7856,FALSE,41.2,41.2,13.8,13.7
2024midtr,7865,FALSE,60.7,60.7,12.6,11.7
2024midtr,8280,FALSE,103.3,103.3,10.6,11.1
2024midtr,8352,FALSE,79.1,79.1,11.5,11.5
2024midtr,9255,FALSE,108,108,12.5,12.5
2024midtr,9618,FALSE,86.1,86.1,11.4,11.5
2024midtr,9651,FALSE,65.6,65.6,13.7,13.7
2024midtr,9751,FALSE,57.7,57.7,14.5,14.5
2024ncwak,435,FALSE,83.3,83.3,9.2,7.1
2024ncwak,587,FALSE,103.6,103.6,12.5,13
2024ncwak,900,FALSE,110.3,110.3,12.9,12.7
2024ncwak,2059,FALSE,118.6,118.6,11.6,10.3
2024ncwak,2642,TRUE,109.7,109.7,10.5,11.4
2024ncwak,3229,FALSE,110.8,121.6,10.8,10.6
2024ncwak,3349,FALSE,99.8,108.1,8.3,8.3
2024ncwak,3489,FALSE,122.1,122.1,12.4,12.3
2024ncwak,4795,FALSE,100.6,100.6,11,10.7
2024ncwak,4816,FALSE,36.5,36.5,11.8,11.8
2024ncwak,4829,FALSE,113.2,113.2,9.4,9.2
2024ncwak,4861,TRUE,83.3,83.3,10.5,10.4
2024ncwak,5190,FALSE,87.8,87.8,10.4,10.4
2024ncwak,5607,FALSE,87.6,87.6,12.7,12.2
2024ncwak,6004,TRUE,95.5,97.1,11.3,11.6
2024ncwak,6240,FALSE,46.6,46.6,10.7,10.7
2024ncwak,6502,FALSE,111.7,111.7,12,11.9
2024ncwak,6512,FALSE,124.9,124.9,10.7,10.7
2024ncwak,6908,FALSE,77.6,77.6,13.4,12.1
2024ncwak,7671,FALSE,87.4,87.4,14.7,14.7
2024ncwak,7763,FALSE,59.8,59.8,8.5,8.1
2024ncwak,7890,FALSE,102.9,102.9,10.7,10.6
2024ncwak,8090,FALSE,42.8,42.8,13.1,13.1
2024ncwak,8429,FALSE,119.3,119.3,14.6,14.6
2024ncwak,8746,FALSE,87,87,12.7,12.6
2024ncwak,8757,TRUE,105.9,105.9,14.8,14.8
2024ncwak,8758,FALSE,62.8,62.8,11.5,12.5
2024ncwak,8804,FALSE,70.1,70.1,8.89,9
2024ncwak,9150,FALSE,114.8,125.8,11.4,11.2
2024ncwak,9259,FALSE,67,97,9.5,9.7
2024nyli2,28,FALSE,124.7,124.7,14.8,14.8
2024nyli2,263,FALSE,114.9,114.9,13.8,14.1
2024nyli2,271,FALSE,106.1,116.3,14.2,14.2
2024nyli2,287,FALSE,124.7,124.7,10.3,10.4
2024nyli2,329,FALSE,78.9,78.9,11.2,11.1
2024nyli2,353,FALSE,121.2,121.2,9.8,10
2024nyli2,358,FALSE,93.2,93.2,12.4,12.2
2024nyli2,496,FALSE,81.1,81.1,10.4,11.9
2024nyli2,514,TRUE,106.3,103.6,11.5,11.3
2024nyli2,527,FALSE,85,85,12,12
2024nyli2,533,TRUE,119.6,119.6,15,15
2024nyli2,545,FALSE,85.9,85.9,7.4,7.3
2024nyli2,564,FALSE,106.4,106.4,15,14.7
2024nyli2,569,TRUE,110.5,123.5,12.7,13
2024nyli2,601,FALSE,85.8,88,12.1,10.8
2024nyli2,806,TRUE,96.5,96.5,14.4,14.4
2024nyli2,810,TRUE,115,115,12,12.3
2024nyli2,870,FALSE,124.7,124.7,14.7,14.7
2024nyli2,871,FALSE,89.9,89.9,13,13.4
2024nyli2,884,FALSE,78,78,11.1,10.9
2024nyli2,1468,FALSE,121.1,121.1,11.7,10.9
2024nyli2,1546,TRUE,113.4,113.4,10,9.8
2024nyli2,1554,TRUE,105,105,11.5,11.8
2024nyli2,1803,FALSE,66.8,66.8,11.7,11.6
2024nyli2,2027,FALSE,103,103,9.5,9.6
2024nyli2,2161,FALSE,81.1,88.1,11.9,10.9
2024nyli2,2347,FALSE,98.2,109.7,11,11.5
2024nyli2,2487,FALSE,123,123,10.5,10.5
2024nyli2,2638,FALSE,118.2,118.2,11.7,10.6
2024nyli2,2869,FALSE,94.6,94.6,10.7,10.8
2024nyli2,2872,FALSE,124.3,124.3,9.3,10.2
2024nyli2,2875,FALSE,123,123,14.4,15
2024nyli2,3137,FALSE,106.4,106.4,9.7,10.2
2024nyli2,3624,TRUE,93.6,93.6,11.7,12
2024nyli2,3950,FALSE,120.7,120.7,8.9,8.9
2024nyli2,3990,FALSE,119.6,118.8,13.3,13.5
2024nyli2,4567,FALSE,80.2,80.2,8.9,8.7
2024nyli2,5099,FALSE,87.4,87.4,10.6,9.9
2024nyli2,5553,TRUE,100.5,100.5,13.7,13.8
2024nyli2,5599,FALSE,71.1,71.1,13.5,13.5
2024nyli2,5736,FALSE,122,124.6,11.5,12.6
2024nyli2,6423,FALSE,123.2,123.2,10.3,10.3
2024nyli2,6806,TRUE,116,116,12.1,12.4
2024nyli2,8020,FALSE,122,122,12.6,11.5
2024nyli2,8267,TRUE,98.4,98.4,8.9,8.7
2024nyli2,8595,FALSE,93.5,93.5,9.8,9.7
2024nyli2,9016,FALSE,97.9,97.9,11.1,11.1
2024nyli2,9220,FALSE,81.8,81.8,10.5,11.4
2024nyli2,9646,FALSE,124.5,124.6,11.4,11.6
2024nyny,28,FALSE,122.1,122.1,14.7,14.7
2024nyny,333,FALSE,111.7,111.7,8.3,8.7
2024nyny,334,FALSE,114.6,114.6,10.3,10.6
2024nyny,335,FALSE,44.4,56.8,12.8,12.8
2024nyny,354,FALSE,91.3,91.3,10.6,10.6
2024nyny,369,FALSE,117.4,117.4,10.5,10.5
2024nyny,395,FALSE,100.6,100.6,10.6,10.6
2024nyny,640,TRUE,86.8,81.2,9.1,9
2024nyny,694,FALSE,124.5,124.5,14.7,14.9
2024nyny,743,FALSE,88.5,88.5,11.5,11.5
2024nyny,806,TRUE,96.7,96.7,14.2,14.3
2024nyny,1155,FALSE,111.8,111.8,9,8.9
2024nyny,1601,FALSE,123.7,123.7,15,15
2024nyny,1796,FALSE,123.8,123.8,12.6,13.5
2024nyny,1880,FALSE,86.2,86.2,10.3,10.2
2024nyny,2265,FALSE,95.8,95.8,12.2,12.2
2024nyny,2344,FALSE,110.3,110.3,13.3,13.3
2024nyny,2601,FALSE,124.6,124.6,12,12.3
2024nyny,2869,FALSE,101.7,101.7,10.7,10.7
2024nyny,2895,FALSE,49.8,49.8,12,11.9
2024nyny,3004,FALSE,86.2,86.2,8.7,8.7
2024nyny,3017,FALSE,99.8,99.8,13.1,13.2
2024nyny,3053,FALSE,81,81,11,11.5
2024nyny,3419,FALSE,121.9,121.9,14.1,14.2
2024nyny,3760,FALSE,86.7,86.7,9.1,10.3
2024nyny,3950,FALSE,121.1,130,8.8,8.9
2024nyny,4012,FALSE,91.8,91.8,11.4,11.4
2024nyny,4122,FALSE,98.5,98.5,12.3,11.7
2024nyny,4299,FALSE,78.5,78.5,14.4,14.4
2024nyny,4571,FALSE,96.2,96.2,13.9,13.9
2024nyny,5123,FALSE,93,93,14.7,14.7
2024nyny,5298,FALSE,107,107,14,14
2024nyny,5421,FALSE,85.7,85.7,11.2,11.2
2024nyny,5806,FALSE,107.2,107.2,14.8,14.8
2024nyny,6590,TRUE,92.1,92.1,11.1,12.6
2024nyny,6648,FALSE,87.7,87.7,12.8,12.8
2024nyny,6873,FALSE,82.8,82.8,10.8,10.4
2024nyny,7036,FALSE,90.3,90.3,9.4,9.5
2024nyny,7201,FALSE,111.5,111.5,12.3,12.3
2024nyny,7272,FALSE,81,91.7,10.7,9.6
2024nyny,7611,FALSE,120.9,120.9,12,12
2024nyny,7668,FALSE,109.9,109.9,11.6,11.6
2024nyny,7730,FALSE,94,94,11.5,11.5
2024nyny,8570,FALSE,110.2,110.2,11.6,11.6
2024nyny,8739,FALSE,114.7,114.7,9.2,8.9
2024nyny,9233,FALSE,73.1,73.1,13.8,12.8
2024nyny,9295,FALSE,95.1,95.1,11.2,11.2
2024nyny,9437,FALSE,70.1,70.1,12.7,12.7
2024nyny,9509,FALSE,70.1,75.6,,
2024nyny,9636,FALSE,79.2,79.2,13.3,13.3
2024nyny,9642,FALSE,116.8,116.8,15,15
2024orore,749,FALSE,80,80,11.5,11.4
2024orore,847,FALSE,105.7,105.7,10.1,11
2024orore,955,FALSE,109.6,116.5,10.4,10
2024orore,1359,FALSE,91.6,91.6,12.9,12.9
2024orore,1540,TRUE,109.6,116.5,10.4,10
2024orore,2550,FALSE,89.7,89.7,10,9.7
2024orore,2557,FALSE,123.3,123.3,10.1,10.7
2024orore,2635,FALSE,102.3,101.6,12.1,11
2024orore,2733,FALSE,,113.4,9.2,10.1
2024orore,2811,FALSE,95.4,95.4,12.7,12.5
2024orore,2915,FALSE,99.1,99.1,9.7,9.8
2024orore,2926,FALSE,90.6,90.6,12.2,12.2
2024orore,3218,FALSE,103.3,103.3,9.9,10.4
2024orore,3674,FALSE,122,111.6,10.2,10.8
2024orore,4061,FALSE,102.6,102.6,9.8,10
2024orore,4127,FALSE,63.4,63.4,11.7,11.7
2024orore,4488,FALSE,90.1,90.1,11.9,12
2024orore,4662,FALSE,86.6,86.6,9.2,8.9
2024orore,5468,FALSE,124.4,124.4,9.9,10
2024orore,5920,FALSE,94.5,94.5,10.1,10.5
2024orore,5970,FALSE,87.2,87.2,12.9,12.9
2024orore,6343,FALSE,94.8,94.8,11.2,11.3
2024orore,6443,FALSE,117.9,117.9,12.7,12.9
2024orore,6696,FALSE,87.5,87.5,10.1,10.5
2024orore,6831,FALSE,85.9,85.9,13.7,13.7
2024orore,7034,FALSE,103.9,103.9,14.4,14.2
2024orore,9430,FALSE,123.1,123.1,11.4,11.3
2024orore,9438,FALSE,101.3,104.1,14.1,14.1
2024orore,9567,FALSE,86.4,86.4,12.8,13.1
2024orore,9600,FALSE,56.3,56.3,14.3,14.3
2024orore,9613,FALSE,52.1,52.1,12.6,12.6
2024orsal,753,FALSE,119.5,119.5,11.8,11.8
2024orsal,847,FALSE,109,109,11.3,11.4
2024orsal,955,FALSE,109,109,11.3,11.4
2024orsal,957,FALSE,83.2,83.2,11.4,11.3
2024orsal,997,FALSE,109.5,109.5,10.7,9.9
2024orsal,1359,FALSE,92.7,92.7,12.8,12.9
2024orwil,753,FALSE,122.1,122.1,11.9,11.9
2024orwil,957,FALSE,76.8,76.8,11.5,11.3
2024orwil,997,FALSE,109.1,109,10.7,10.1
2024orwil,1425,FALSE,124.5,124.1,12.1,12.3
2024orwil,1540,FALSE,112.8,112.4,11.1,10.6
2024orwil,2374,FALSE,82.4,83.7,14.1,14
2024orwil,2471,FALSE,72.6,71.1,9.7,9.6
2024orwil,2521,FALSE,123.4,124.4,13.9,13.9
2024orwil,2550,FALSE,90,90.2,10,9.8
2024orwil,2635,FALSE,105.3,104.7,12,10.9
2024orwil,2733,FALSE,120.3,120.3,9.2,10.1
2024orwil,2811,TRUE,105.4,105.4,10.1,11.3
2024orwil,2898,FALSE,106,101.6,11.3,11.1
2024orwil,2990,FALSE,112.9,112.9,11.8,13.3
2024orwil,3024,FALSE,71.7,71.7,11.9,11.9
2024orwil,3636,FALSE,110.7,110.6,11.4,12.2
2024orwil,3673,TRUE,116.9,116.9,9.9,10
2024orwil,4043,FALSE,112.3,112.7,10.2,10.2
2024orwil,4060,FALSE,87.1,87.1,9.7,9.5
2024orwil,4127,FALSE,69.9,77,12,12.1
2024orwil,4488,FALSE,96.9,93.8,11.7,11.9
2024orwil,4662,FALSE,107.2,107.3,9.3,9.1
2024orwil,4692,TRUE,124,123.6,14.4,14.4
2024orwil,5295,FALSE,74.8,74.7,11,11
2024orwil,5970,FALSE,75,74.4,12.8,12.8
2024orwil,5975,TRUE,98.6,98.6,11.7,10.7
2024orwil,6343,FALSE,99.4,99.3,11.2,11.3
2024orwil,6443,FALSE,118.9,119.1,12.8,12.9
2024orwil,6465,TRUE,95.3,94.1,10.7,10.5
2024orwil,6696,FALSE,105.4,105.4,10.1,10.4
2024orwil,6845,FALSE,115.7,115.7,14.3,12.6
2024orwil,7034,FALSE,106,106,14.3,14.3
2024orwil,9430,FALSE,122.4,121.3,11.1,11.1
2024orwil,9567,FALSE,93.2,92.2,12.7,13
2024orwil,9600,FALSE,105.2,105.2,13.8,13.8
2024orwil,9680,FALSE,62.7,60.7,11.1,11.1
2024pncmp,360,FALSE,111.5,111.5,10.3,10.9
2024pncmp,488,TRUE,119.2,119.2,12.7,12.7
2024pncmp,492,FALSE,104.8,104.8,12.4,12.6
2024pncmp,1294,FALSE,122.7,122.7,11.8,11.3
2024pncmp,1318,FALSE,108.9,108.9,9.4,9.4
2024pncmp,1425,FALSE,124.2,124.2,12,12.2
2024pncmp,1540,FALSE,118.6,115.2,10.7,10.5
2024pncmp,1595,TRUE,102.2,102.2,12,12.8
2024pncmp,1778,FALSE,117.3,117.3,10.8,10.6
2024pncmp,1899,TRUE,114.1,114.1,10.7,10.5
2024pncmp,1983,FALSE,123.9,123.9,11.1,10.7
2024pncmp,2046,FALSE,123.9,123.9,12,12.3
2024pncmp,2412,FALSE,117.2,117.2,11.9,11.9
2024pncmp,2471,FALSE,72.3,72.3,9.8,9.7
2024pncmp,2521,FALSE,123.8,123.8,14,14
2024pncmp,2522,TRUE,110.8,110.8,9.8,9.7
2024pncmp,2557,FALSE,117.1,116,10.1,10.6
2024pncmp,2635,FALSE,105.6,105.6,12.1,11
2024pncmp,2811,FALSE,109.4,109.4,11,12.1
2024pncmp,2910,FALSE,117.6,117.6,12,12.3
2024pncmp,2926,FALSE,102.8,102.8,12.4,12.4
2024pncmp,2928,FALSE,111.5,111.5,14.7,14.6
2024pncmp,2930,FALSE,124.5,124.5,11.4,11.4
2024pncmp,2980,FALSE,110.6,110.6,9.4,9.9
2024pncmp,3070,FALSE,96.2,96.2,10.6,10.4
2024pncmp,3218,FALSE,111.6,111.6,11.8,12.2
2024pncmp,3663,FALSE,124.3,124.3,14.4,14.4
2024pncmp,3674,FALSE,114.1,114.1,10.4,11.1
2024pncmp,3712,FALSE,110.4,110.4,11.2,11.3
2024pncmp,3826,FALSE,104.4,104.4,12.4,12.4
2024pncmp,3876,TRUE,93,86.2,13.1,12.7
2024pncmp,4043,FALSE,113.8,113.8,10.4,10.2
2024pncmp,4125,FALSE,98.9,98.9,9.9,10
2024pncmp,4131,FALSE,106.9,106.9,9.5,9.3
2024pncmp,4180,FALSE,100.2,100.2,13.2,13.5
2024pncmp,4450,FALSE,95.8,95.8,11.8,11.8
2024pncmp,4469,FALSE,113.2,113.2,10.3,10.6
2024pncmp,4488,FALSE,100.6,100.6,12.2,12
2024pncmp,4682,FALSE,111.3,111.3,10.5,10.2
2024pncmp,5827,FALSE,85.9,85.9,12,12.5
2024pncmp,6343,FALSE,101.8,101.8,11.7,11.8
2024pncmp,6443,FALSE,119.2,119.2,13.1,13.1
2024pncmp,6831,FALSE,107.5,107.5,13.6,13.6
2024pncmp,7034,FALSE,105.2,104.6,14.2,14.1
2024pncmp,8032,FALSE,115.3,115.3,11.7,12
2024pncmp,9023,FALSE,115.8,115.8,9.9,9.1
2024pncmp,9036,FALSE,96.2,96.2,9.8,10.5
2024pncmp,9430,FALSE,122.4,122.4,11.3,11.3
2024pncmp,9442,FALSE,116.2,116.2,13.9,14.1
2024pncmp,9446,TRUE,81.5,81.5,11.9,12.6
2024scand,281,FALSE,124.4,124.4,11.4,11.4
2024scand,342,FALSE,98.5,98.5,11.8,12
2024scand,343,FALSE,96.3,96.3,11.3,11.1
2024scand,1051,FALSE,112,112,12,12.3
2024scand,1287,FALSE,106.9,106.9,13.5,14
2024scand,1293,FALSE,49.1,49.1,9.8,9.6
2024scand,1319,TRUE,109.7,109.7,10,10
2024scand,1539,FALSE,81.2,81.2,10.1,10.1
2024scand,1648,FALSE,105.4,105.4,10.4,10.5
2024scand,2815,TRUE,95.1,95.1,13.5,13
2024scand,2974,FALSE,97.7,97.7,13.5,13.7
2024scand,3091,FALSE,82.7,82.7,13,13
2024scand,3329,FALSE,97.3,97.3,12.2,12
2024scand,3489,FALSE,125,125,11.8,11.9
2024scand,3490,FALSE,104.3,104.3,13.4,13.5
2024scand,3976,FALSE,66.2,66.2,13.5,13.5
2024scand,4189,FALSE,119.2,119.2,11.2,11.5
2024scand,4451,FALSE,118.1,118.1,9.9,10
2024scand,4533,FALSE,93.6,93.6,12.5,12.4
2024scand,5130,FALSE,81,81.1,9.4,9.4
2024scand,6167,FALSE,114.6,114.6,12.6,11.6
2024scand,6366,FALSE,104.2,104.2,11.4,11.1
2024scand,6961,FALSE,38.6,38.6,9.6,9.9
2024scand,7085,FALSE,59.2,59.2,12.4,12.4
2024scand,7676,TRUE,59.6,59.6,14.1,14.1
2024scand,8137,TRUE,80.6,80.6,12.4,13.5
2024scand,8575,FALSE,86.6,86.6,11.9,11.9
2024scand,8736,FALSE,105.5,105.5,10.1,9.8
2024scand,9315,FALSE,82.5,82.8,12.8,12.8
2024scand,9477,FALSE,89.2,89.2,11.3,11.1
2024scand,9561,FALSE,68.3,68.3,11,11.11
2024scand,9571,FALSE,58,58,13.4,13.4
2024sccha,281,FALSE,123,123,11.1,11
2024sccha,342,FALSE,98.7,98.7,11.4,11.6
2024sccha,343,FALSE,96.4,96.4,11.2,11.2
2024sccha,1051,FALSE,120.5,120.5,11.9,12.1
2024sccha,1102,FALSE,106.2,106.2,10.2,10.2
2024sccha,1287,FALSE,111.4,111.4,13.7,14.4
2024sccha,1293,FALSE,49,49,9.8,9.5
2024sccha,1319,TRUE,90.5,90.5,10.1,8.5
2024sccha,1539,FALSE,88.4,88.4,11.8,11.1
2024sccha,1758,TRUE,113.9,113.9,10.8,10.9
2024sccha,2815,FALSE,94.1,94.1,11.8,12.1
2024sccha,3489,FALSE,116.2,116.2,13.1,12.6
2024sccha,3490,FALSE,104,104,13.6,13.4
2024sccha,3976,FALSE,64.3,64.3,13.4,13.4
2024sccha,4533,FALSE,95.1,95.1,12.3,12.1
2024sccha,4701,FALSE,90.3,90.3,11.5,11.5
2024sccha,5130,FALSE,83,83,9.6,9.6
2024sccha,6167,FALSE,116.5,116.5,12.6,11.7
2024sccha,6366,FALSE,110,108,11.5,11.2
2024sccha,6910,FALSE,93.3,93.3,14.2,8.8
2024sccha,6925,FALSE,119.4,119.4,13.6,13.6
2024sccha,6961,FALSE,72.3,72.3,9.6,9.7
2024sccha,7085,TRUE,73.4,73.4,12.6,12.6
2024sccha,7104,FALSE,93.7,93.7,13.8,13.8
2024sccha,8137,FALSE,74.3,74.3,12,13.7
2024sccha,8575,FALSE,77.8,77.8,13.5,13.9
2024sccha,9086,FALSE,62.2,62.2,14.4,14.4
2024sccha,9315,FALSE,82.6,82.6,12.6,12.6
2024sccha,9571,FALSE,59.7,59.7,11,13.9
2024tuis,2905,FALSE,97.6,97.6,14.55,13.2
2024tuis,4191,FALSE,85.31,85.31,13.44,13.45
2024tuis,4972,FALSE,114.8,114.8,11.24,12.12
2024tuis,6014,TRUE,103.39,103.39,11.68,12.12
2024tuis,6038,FALSE,101.67,101.67,14.19,14.19
2024tuis,6232,FALSE,99.42,99.42,10.8,10.8
2024tuis,6431,FALSE,106.92,106.92,8.59,8.37
2024tuis,6436,TRUE,118.167,118.67,10.714,10.183
2024tuis,6838,FALSE,114.86,114.86,11.5,11.46
2024tuis,6941,FALSE,81.57,93.38,9.52,9.65
2024tuis,7444,FALSE,124,124,10.36,10.58
2024tuis,7458,TRUE,123.4,123.4,11.72,11.24
2024tuis,7465,FALSE,99.64,99.64,10.14,10.14
2024tuis,7536,TRUE,123.8,123.8,12.3,10.49
2024tuis,7539,FALSE,119.93,145.2,13.66,13.66
2024tuis,7551,FALSE,102.29,127.64,13,13
2024tuis,7632,FALSE,91.9,91.9,13.22,13.22
2024tuis,7636,FALSE,111.3,111.3,11.7,11.7
2024tuis,7683,FALSE,75.83,75.83,13,13
2024tuis,7742,TRUE,124.9,124.9,13.97,13.97
2024tuis,7758,FALSE,82.67,82.67,12.12,11.24
2024tuis,7840,FALSE,91.27,91.27,8.59,8.59
2024tuis,8127,FALSE,118.6,114.7,14,14
2024tuis,8169,FALSE,93,93,11,11
2024tuis,8263,FALSE,106.26,106.26,11.46,12.12
2024tuis,8264,FALSE,117.28,117.28,12.12,10.8
2024tuis,8500,FALSE,58.86,58.86,11.99,11.99
2024tuis,8557,FALSE,113.75,113.75,14.59,13.88
2024tuis,8561,FALSE,77,77,10,8.5
2024tuis,8584,FALSE,87.5,87.5,9.9,9.9
2024tuis,8613,FALSE,81.13,103.6,10.36,10.36
2024tuis,8725,FALSE,93.96,93.96,12.52,13
2024tuis,8780,FALSE,86.7,86.7,9.7,9.7
2024tuis,8784,TRUE,124,124,10.36,10
2024tuis,8796,FALSE,92.59,92.59,14.85,14.85
2024tuis,8806,FALSE,113,113,9.7,9.7
2024tuis,8863,FALSE,52.91,52.91,11.59,13.4
2024tuis,9001,FALSE,112.21,112.21,13.22,13.22
2024tuis,9024,FALSE,99.86,99.86,9.92,11.46
2024tuis,9026,FALSE,78,78,11.2,14.1
2024tuis,9043,FALSE,76.27,76.22,12.34,13.66
2024tuis,9095,FALSE,52.029,52.029,13,13
2024tuis,9124,FALSE,95.9,95.9,5.51,5.51
2024tuis,9155,FALSE,97.22,97.22,11.9,12
2024tuis,9231,FALSE,104.49,104.49,12.69,12.91
2024tuis,9232,FALSE,111.7,111.7,14.55,14.55
2024tuis,9247,FALSE,110,110,9.47,9.47
2024tuis,9440,FALSE,123.89,123.89,9.47,9.47
2024tuis,9510,FALSE,101.4,101.4,13.9,13.9
2024tuis,9547,FALSE,57.54,57.54,12.56,12.56
2024tuis,9647,FALSE,42.1,61.95,12.78,12.78
2024tuis2,4613,FALSE,75.64,75.84,10.36,10.36
2024tuis2,5665,FALSE,117.73,117.73,11.46,11.46
2024tuis2,6014,FALSE,103.18,103.18,11.9,12.16
2024tuis2,6431,FALSE,106.48,106.48,8.73,8.86
2024tuis2,6459,FALSE,125,125,13.22,13.22
2024tuis2,6941,FALSE,81.78,81.79,9.48,9.7
2024tuis2,6985,FALSE,112.22,112.22,10.36,9.92
2024tuis2,6988,FALSE,96.08,117.51,12.3,12.38
2024tuis2,6989,FALSE,90.6,90.6,9,9.25
2024tuis2,7466,FALSE,81.96,76.05,10,10
2024tuis2,7551,FALSE,103.92,103.26,12.04,11.86
2024tuis2,7570,FALSE,79.49,79.49,12.78,12.56
2024tuis2,7576,FALSE,107.58,107.58,11.68,11.55
2024tuis2,7632,FALSE,91.26,91.27,13.23,13.18
2024tuis2,7636,FALSE,88.97,128.8,11.9,11.68
2024tuis2,8054,FALSE,82.9,82.9,11.24,11.3
2024tuis2,8056,FALSE,103.62,103.62,10.63,10.54
2024tuis2,8058,TRUE,119.71,119.71,13.44,13.44
2024tuis2,8079,FALSE,95.9,96.34,14.55,14.55
2024tuis2,8084,FALSE,109.8,109.8,14.55,14.55
2024tuis2,8127,FALSE,122.14,122.14,12.48,12.48
2024tuis2,8153,FALSE,109.83,49.82,13.89,13.23
2024tuis2,8169,FALSE,92.37,92.37,11.03,11.03
2024tuis2,8209,TRUE,76.72,76.5,14.99,14.99
2024tuis2,8261,FALSE,88.63,88.63,10.36,10.36
2024tuis2,8570,FALSE,103,103,11.46,11.46
2024tuis2,8725,FALSE,94.35,94.17,12.35,12.79
2024tuis2,8795,FALSE,75.62,75.62,10.36,10.58
2024tuis2,8799,FALSE,67.9,67.9,11.46,10.58
2024tuis2,8800,TRUE,110,110,14.77,14.77
2024tuis2,8806,FALSE,113.32,113.32,10.01,9.7
2024tuis2,9001,FALSE,100.86,110.89,13.01,13.23
2024tuis2,9020,FALSE,58.16,64.6,13.23,13.23
2024tuis2,9024,FALSE,118,118,10.1,10.1
2024tuis2,9029,FALSE,100.3,100.3,8.81,8.6
2024tuis2,9043,FALSE,76.28,76.28,12.3,14.1
2024tuis2,9089,FALSE,121.25,121.25,12.57,12.57
2024tuis2,9132,FALSE,74.29,90.6,9.7,9.7
2024tuis2,9159,FALSE,52.15,64.15,14.55,14.33
2024tuis2,9174,TRUE,107.37,107.37,9.96,10.01
2024tuis2,9409,FALSE,107.37,107.38,14.11,14.11
2024tuis2,9422,FALSE,60.9,61.28,12.39,12.39
2024tuis2,9451,FALSE,47,47,10.36,10.36
2024tuis2,9468,TRUE,48.42,48.42,10.58,10.58
2024tuis2,9479,TRUE,49.78,62.74,14.64,14.64
2024tuis2,9483,FALSE,105.38,104.28,9.26,9.26
2024tuis2,9497,FALSE,55.55,55.55,12.3,12.78
2024tuis2,9547,FALSE,65.92,65.92,12.57,12.57
2024tuis2,9610,FALSE,66.16,66.27,10.8,12.34
2024tuis2,9625,FALSE,76.05,77.38,9.47,10.71
2024tuis2,9647,FALSE,43.2,41.89,12.78,12.78
2024txbel,418,FALSE,106.7,106.7,12.8,10.3
2024txbel,2583,FALSE,83,83,9.9,10.5
2024txbel,2789,FALSE,78.1,78.1,13.7,13.7
2024txbel,3561,FALSE,91.5,91.5,10.8,10.9
2024txbel,3679,FALSE,94.5,94.5,13.1,13
2024txbel,3743,FALSE,71.4,71.4,10.8,10.8
2024txbel,3802,FALSE,77.6,76.9,12.3,11.9
2024txbel,3847,FALSE,122.2,122.2,14.7,14.7
2024txbel,4332,FALSE,90.8,90.8,12.2,12.2
2024txbel,4364,FALSE,74.3,74.3,11.2,10.7
2024txbel,4597,FALSE,58.5,58.5,10.7,12.6
2024txbel,4610,FALSE,64.9,64.9,12.6,11.1
2024txbel,4717,FALSE,80.8,80.8,14.1,14.1
2024txbel,5052,FALSE,97.7,97.7,8.9,9.8
2024txbel,5103,FALSE,65.3,65.3,12.3,12.1
2024txbel,5414,FALSE,93.6,91.7,9,9.5
2024txbel,5503,FALSE,98.4,98.4,12.4,12.2
2024txbel,5726,FALSE,101.4,101.4,12.4,12.4
2024txbel,5892,FALSE,91.4,91.4,12,12
2024txbel,5894,FALSE,86.2,86.2,10.6,12.3
2024txbel,6155,FALSE,77.1,77.1,10.4,10.5
2024txbel,6357,FALSE,116.3,116.3,10,10.1
2024txbel,6369,FALSE,124.8,124.8,14.9,14.5
2024txbel,7138,TRUE,107.6,107.6,10.1,10.1
2024txbel,8019,FALSE,123.6,123.6,14.6,13.5
2024txbel,8114,FALSE,102.1,107.8,14.9,14.9
2024txbel,8507,TRUE,84.9,84.9,10.4,10.8
2024txbel,8598,FALSE,87.9,87.9,12.1,12.3
2024txbel,8610,FALSE,72.7,72.8,10.7,10.3
2024txbel,8625,TRUE,119.1,119.1,10.4,9.6
2024txbel,8749,FALSE,82.1,82.1,8.4,8.8
2024txbel,8827,FALSE,109.4,109.4,11.3,11.3
2024txbel,8879,FALSE,94.7,94.7,14.4,14.2
2024txbel,9054,FALSE,98.4,98.4,12.9,13.1
2024txbel,9121,FALSE,66.5,74.9,8.5,10.9
2024txbel,9137,FALSE,75.2,75.2,12.3,13.1
2024txbel,9140,FALSE,90.8,104.8,13.3,13.3
2024txbel,9418,FALSE,106.3,106.3,10,10
2024txbel,9448,FALSE,54,54,10.1,10.4
2024txbel,9506,FALSE,86.2,86.2,13.1,13.4
2024txbel,9524,FALSE,77,77,11.2,10.2
2024txbel,9664,FALSE,66,66,10.3,10.3
2024txfor,418,FALSE,107.6,107.6,12.9,10.4
2024txfor,2468,FALSE,76.6,76.6,11.5,11
2024txfor,2582,FALSE,120.3,120.3,13.7,13.5
2024txfor,2687,FALSE,79,79,10.8,10.8
2024txfor,2689,FALSE,72.6,72.6,11.7,11.8
2024txfor,3005,FALSE,107.9,107.9,9.9,9.9
2024txfor,3310,FALSE,120.3,120.3,10.5,10.3
2024txfor,4153,FALSE,94.4,94.4,10.2,10.2
2024txfor,4206,FALSE,111.2,111.2,11.6,11.6
2024txfor,4251,FALSE,71.4,71.4,9.9,8.7
2024txfor,4295,FALSE,83.2,89.3,12.4,12.3
2024txfor,5411,TRUE,95.5,95.5,10.2,10.1
2024txfor,5908,FALSE,92.2,92.3,15,15
2024txfor,6672,TRUE,117.7,130,14.4,13.9
2024txfor,7271,FALSE,60.4,60.4,13.5,13.3
2024txfor,7321,TRUE,71.3,85.8,14.5,14.7
2024txfor,7492,TRUE,116.4,130,12,11.7
2024txfor,7503,TRUE,76.9,76.9,13.1,13.1
2024txfor,7506,FALSE,81.9,101.7,11.2,10.7
2024txfor,7534,FALSE,85.3,85.4,12.6,13
2024txfor,7540,FALSE,99.1,99.1,10.4,11.3
2024txfor,8088,FALSE,105,105,10.6,10.8
2024txfor,8512,FALSE,87.8,87.8,13.9,13.6
2024txfor,9080,FALSE,87.7,87.7,9.4,9.6
2024txfor,9081,FALSE,95,95,9.8,9.8
2024txfor,9088,TRUE,118.6,126,8.5,8.3
2024txfor,9105,FALSE,124.6,124.6,11,10
2024txfor,9156,TRUE,84.1,84.1,12.4,12.2
2024txfor,9407,FALSE,74.6,74.6,11.4,11.2
2024txfor,9492,FALSE,97.4,94.2,10.5,10.9
2024txfor,9752,FALSE,83.7,83.7,10.3,10.1
2024txkat,118,FALSE,119.8,119.8,12.6,12.9
2024txkat,231,FALSE,107.7,107.7,12.1,12.1
2024txkat,624,FALSE,106.7,106.7,9.1,8.7
2024txkat,1255,TRUE,88.3,88.3,11,10
2024txkat,1477,TRUE,121.5,121.5,11.4,12.1
2024txkat,2582,FALSE,117.6,117.6,11.9,12.2
2024txkat,2882,FALSE,56.2,56.2,8.4,7.7
2024txkat,2969,FALSE,64.4,64.4,10.5,10.1
2024txkat,3029,FALSE,66.2,66.2,10,10
2024txkat,3728,FALSE,56.9,56.9,11,11.8
2024txkat,4328,FALSE,54.6,54.6,13.1,13.4
2024txkat,4587,FALSE,76.2,76.2,11.9,12
2024txkat,4639,FALSE,106.1,106.1,10.7,10.3
2024txkat,5829,FALSE,85.4,85.4,10,10
2024txkat,5923,FALSE,87.5,87.5,12.7,12.7
2024txkat,6488,FALSE,72.4,73.4,14.5,14.5
2024txkat,6645,FALSE,69.3,69.3,12.5,13.2
2024txkat,7312,FALSE,106,106,13,12.7
2024txkat,7418,FALSE,94.8,94.8,11.3,12.1
2024txkat,7492,FALSE,111.7,111.7,12,11.7
2024txkat,7616,TRUE,83.7,83.7,12,12
2024txkat,8144,FALSE,50.7,50.7,12,12
2024txkat,8177,FALSE,123.9,123.9,14.1,14.4
2024txkat,8369,FALSE,51.3,51.3,14.5,13.9
2024txkat,8515,TRUE,90.6,90.6,14.9,13.1
2024txkat,8556,TRUE,78.3,78.3,14.5,14.3
2024txkat,8576,FALSE,109.1,109.1,10.1,10.1
2024txkat,8818,TRUE,96.6,96.6,7,7
2024txkat,9051,FALSE,67.2,67.2,11.7,11.2
2024txkat,9081,FALSE,100.1,100.1,12,12
2024txkat,9121,FALSE,66.1,66.1,12,12
2024txkat,9289,FALSE,64.1,39.3,9.2,9.2
2024txkat,9307,FALSE,110.2,110.2,12.8,12.7
2024txkat,9448,FALSE,33,33,12,11
2024txkat,9478,FALSE,84.7,84.7,12,12.2
2024txkat,9512,FALSE,61.2,83.9,12.3,12.4
2024txkat,9514,FALSE,77,77,12.2,12.2
2024txkat,9515,FALSE,83.1,83.1,7.2,7.2
2024txkat,9517,FALSE,79.4,79.4,6.7,6.7
2024txkat,9521,TRUE,54.1,54.1,13.1,13.2
2024utwv,159,FALSE,109.4,136.9,11.7,11.8
2024utwv,1339,FALSE,124.6,124.6,14.9,14.7
2024utwv,1410,FALSE,111.4,111.4,12.9,14.3
2024utwv,1569,FALSE,99.7,99.7,11.5,10.6
2024utwv,1619,TRUE,123.7,123.7,11.7,13.1
2024utwv,1828,FALSE,70.6,70.6,12.6,12.6
2024utwv,1891,FALSE,123.4,123.4,11,11
2024utwv,2122,FALSE,118,118,14.7,14.1
2024utwv,2240,FALSE,116.2,111,12.1,9.3
2024utwv,2486,FALSE,97.9,97.9,9.5,9.5
2024utwv,2594,FALSE,78.3,78.3,11.2,11.2
2024utwv,3006,FALSE,100.7,100.7,9.3,10.1
2024utwv,3009,FALSE,112.2,112.2,13.6,13.6
2024utwv,3166,FALSE,121.9,121.9,11.3,11.3
2024utwv,3200,FALSE,93.8,93.9,13.1,13.5
2024utwv,3243,FALSE,90,90,14.2,14.2
2024utwv,3245,FALSE,94.4,94.4,10.8,10.6
2024utwv,3288,FALSE,83,83,13.4,13.4
2024utwv,3374,FALSE,110.3,110.3,11.8,11.2
2024utwv,3405,FALSE,67.4,67.4,8.8,8.8
2024utwv,3501,FALSE,124.3,122.8,10.2,10.3
2024utwv,4068,FALSE,123.3,123.3,10.6,10.6
2024utwv,4183,FALSE,122.2,122.2,9.8,9.9
2024utwv,4348,FALSE,106,100.2,13.4,14.6
2024utwv,4585,FALSE,50.1,50.4,11.6,12
2024utwv,4598,FALSE,84.8,84.8,13.7,13.7
2024utwv,4944,FALSE,111.8,111.8,9.9,10.2
2024utwv,5071,FALSE,116.9,116.9,12.7,12.7
2024utwv,5851,FALSE,,107.2,14.7,14.7
2024utwv,5933,FALSE,81,81,10.7,11
2024utwv,6400,FALSE,69.7,69.7,10.3,10.3
2024utwv,6411,FALSE,85,77.3,13,13
2024utwv,6560,FALSE,123.6,123.6,10.9,11.1
2024utwv,7426,FALSE,121.5,121.3,11.3,13.3
2024utwv,7436,FALSE,71.4,71.4,12.3,13.2
2024utwv,7634,TRUE,112.9,112.9,13.2,13.2
2024utwv,7895,FALSE,88.8,88.8,13.1,13.1
2024utwv,7906,FALSE,82.1,82.2,11.5,11.5
2024utwv,8087,TRUE,95.3,95.3,12,12
2024utwv,8174,FALSE,73.1,88.8,10.7,11
2024utwv,8839,FALSE,102.4,102.4,10.4,10.4
2024utwv,8885,FALSE,42.2,67,10.5,10.5
2024utwv,9037,FALSE,73.7,73.7,11.2,12.1
2024utwv,9044,FALSE,123.3,123.1,13.3,13.3
2024utwv,9138,FALSE,70,70,9.3,9.3
2024utwv,9423,FALSE,64.6,64.6,12.7,12.7
2024vabla,141,TRUE,98.5,98.5,9.8,9.2
2024vabla,401,TRUE,123.6,123.6,11.1,11.1
2024vabla,449,FALSE,110.8,110.8,9.9,9.9
2024vabla,977,FALSE,117.4,117.5,12.6,12.4
2024vabla,1086,FALSE,114.7,114.7,13.7,14.2
2024vabla,1262,TRUE,119.2,119.2,13.6,13.1
2024vabla,1629,FALSE,82.6,82.6,10.3,10.6
2024vabla,1793,FALSE,89.5,89.5,11.1,12.8
2024vabla,1885,FALSE,71.9,71.9,12.4,13
2024vabla,3361,TRUE,79.4,79.4,11.2,11.7
2024vabla,3939,FALSE,106.4,106.4,11.2,10.9
2024vabla,4456,FALSE,124.8,124.8,12.2,12.2
2024vabla,4575,FALSE,108.2,108.2,11.9,12.3
2024vabla,4967,FALSE,98.6,98.8,12.1,12.2
2024vabla,5724,FALSE,105.2,105.3,11.9,11.8
2024vabla,5804,FALSE,108.7,108.7,11.9,9.6
2024vabla,5830,FALSE,93.6,93.6,11.2,11.2
2024vabla,6189,FALSE,59.1,59.1,11.3,11
2024vabla,6194,FALSE,72.5,87.4,14.9,14.9
2024vabla,6802,FALSE,107.4,107.5,13.5,13.5
2024vabla,8230,FALSE,87.5,86,10.3,10.2
2024vabla,9003,TRUE,110.9,110.9,11.1,10.8
2024vabla,9033,FALSE,78.3,78.3,11,10.9
2024vabla,9403,FALSE,57,57.9,10.9,10.8
2024vabla,9496,TRUE,92.8,92.8,12.6,12.3
2024vagle,346,FALSE,124.6,124.6,12.8,12.85
2024vagle,404,FALSE,10.75,102.75,8.75,8.95
2024vagle,540,FALSE,98.05,98.05,13.55,13.55
2024vagle,617,FALSE,50,50,10,10
2024vagle,977,FALSE,122.15,122.5,12.45,12.35
2024vagle,1086,TRUE,117.45,117.45,11.35,11.55
2024vagle,1262,FALSE,121.9,121.9,13.6,13.25
2024vagle,1522,FALSE,73.35,73.35,13.25,13.25
2024vagle,1599,FALSE,117.85,117.85,14.85,14.65
2024vagle,1610,FALSE,104.3,104.3,9.1,8.3
2024vagle,2068,FALSE,98.1,98.1,10.6,10.6
2024vagle,2106,FALSE,123.2,123.2,10.8,10.85
2024vagle,2186,FALSE,50,50,10,10
2024vagle,2890,FALSE,88.75,88.75,11.15,10.75
2024vagle,2988,FALSE,50,50,10,10
2024vagle,2998,FALSE,50,50,10,10
2024vagle,3136,FALSE,98.7,101,12.3,12.3
2024vagle,3361,FALSE,78.9,78.9,11.6,11.6
2024vagle,3939,FALSE,50,50,10,10
2024vagle,4286,FALSE,50,50,10,10
2024vagle,4472,FALSE,122.25,122.25,12.45,12.3
2024vagle,4821,FALSE,89.5,89.5,8.15,8.6
2024vagle,5338,FALSE,91.75,91.75,12.7,12.9
2024vagle,5724,FALSE,111.25,111.25,11.7,11.95
2024vagle,5804,FALSE,110.35,110.35,11.75,9.45
2024vagle,5954,FALSE,50,10,10,10
2024vagle,6194,FALSE,79,79,14.95,14.95
2024vagle,6802,FALSE,100.45,100.45,13.65,13.65
2024vagle,6882,FALSE,50,40,10,10
2024vagle,9709,FALSE,50,50,10,10
2024vapor,122,FALSE,91.8,91.8,10,10
2024vapor,346,FALSE,123.5,123.5,12.6,12.6
2024vapor,404,FALSE,99.3,99.3,8.5,8.8
2024vapor,422,FALSE,111.9,111.9,11.6,12
2024vapor,611,FALSE,94.5,94.5,9.3,9.1
2024vapor,619,TRUE,112,112,8.6,8.6
2024vapor,623,FALSE,97.8,97.8,11.7,11.7
2024vapor,1610,FALSE,102.9,102.9,9.2,8.3
2024vapor,1793,TRUE,102.6,93.1,10.9,12.5
2024vapor,1908,FALSE,84.3,84.3,14.7,14.7
2024vapor,1915,FALSE,92.2,92.2,12.2,12.2
2024vapor,2028,FALSE,97.3,97.3,10.5,10.5
2024vapor,2068,FALSE,98.5,98.5,10.5,10.5
2024vapor,2363,FALSE,104.2,104.2,11.1,11
2024vapor,2890,FALSE,88,88,11,10.5
2024vapor,2912,FALSE,59.8,59.8,12.3,10.5
2024vapor,2988,FALSE,94.6,94.6,10.8,10.2
2024vapor,3359,TRUE,97.5,97.5,12.4,12.4
2024vapor,5549,FALSE,113.9,113.9,12.2,11.5
2024vapor,6189,FALSE,59.8,59.8,11.4,11.4
2024vapor,6882,FALSE,61.3,61.3,12.4,12.2
2024vapor,9003,FALSE,113.5,113.5,11.2,11.2
2024vapor,9235,FALSE,68,68,8.2,8.4
2024waahs,488,TRUE,119.9,119.9,12.8,12.8
2024waahs,1294,FALSE,117.9,116.9,10.9,11.2
2024waahs,1425,FALSE,124.6,124.7,12.1,12.1
2024waahs,1899,TRUE,111.1,112.3,10.5,10.4
2024waahs,1983,FALSE,123,124.2,9.8,9.8
2024waahs,2147,FALSE,103.4,103.4,10.4,10.7
2024waahs,2903,FALSE,96.1,96.1,11.9,11
2024waahs,2906,FALSE,53.4,53.4,10.5,11
2024waahs,2907,FALSE,45,45,18,17.8
2024waahs,2927,FALSE,55.1,55.1,13.8,13.8
2024waahs,2928,FALSE,109.5,109.5,14.9,14.8
2024waahs,2929,FALSE,81.5,81.5,11.1,11.3
2024waahs,2976,FALSE,103.5,103.5,12.3,12.3
2024waahs,3070,FALSE,95.1,94,10,10
2024waahs,3219,FALSE,99.7,99.7,11.6,11.6
2024waahs,3393,FALSE,79.9,82.5,9.8,10.3
2024waahs,3588,FALSE,75.2,84.6,10.5,10.7
2024waahs,3663,FALSE,117.4,117.4,14.3,14.3
2024waahs,3786,FALSE,90,90.5,14.8,14.6
2024waahs,3876,TRUE,82,81.2,13.6,12.1
2024waahs,4450,FALSE,91,90,10.8,10.6
2024waahs,4469,FALSE,118.7,114.9,9.5,10
2024waahs,4579,FALSE,51.3,71.1,10.3,11.4
2024waahs,4911,TRUE,113.3,113.3,14.1,12
2024waahs,5295,FALSE,75.7,75.6,10.8,11.2
2024waahs,5588,FALSE,68.2,73.9,9.5,9.5
2024waahs,5683,FALSE,99.7,99.7,9.4,10.1
2024waahs,8032,FALSE,111.2,110.5,11.6,11.8
2024waahs,8051,FALSE,118.4,118.4,10.6,10.5
2024waahs,8302,FALSE,67,67,14.9,14.9
2024waahs,8303,FALSE,48,46.3,10,10.8
2024waahs,8896,FALSE,62.1,62.1,11.4,11.1
2024waahs,9023,FALSE,114.2,114.2,9.7,8.9
2024waahs,9442,FALSE,106.6,106.6,15,15
2024waahs,9446,TRUE,83.1,83.1,12,12.8
2024wabon,1778,FALSE,114.8,114.8,10.3,10.4
2024wabon,2046,FALSE,124.1,124.1,12,12.1
2024wabon,2522,TRUE,110.2,110.2,9.5,9.4
2024wabon,2557,FALSE,118.4,118.4,10.3,10.3
2024wabon,2906,FALSE,54.2,54.2,11.3,10.5
2024wabon,2907,FALSE,45.4,45.4,12.2,12.2
2024wabon,2910,FALSE,117.5,117.5,12.4,12.3
2024wabon,2929,FALSE,84.6,84.6,11.1,11.2
2024wabon,2930,TRUE,123.6,123.6,11.3,10.6
2024wabon,2980,FALSE,108.1,108.1,8.3,8.5
2024wabon,3049,TRUE,103.5,103.5,12.2,12.2
2024wabon,3218,FALSE,110.7,109.7,11.4,11.5
2024wabon,3219,FALSE,96.8,96.8,11,11
2024wabon,3393,FALSE,83.7,83.7,10.5,10.7
2024wabon,3663,FALSE,119.4,119.4,13.9,13.9
2024wabon,3786,FALSE,86.1,86.1,14.4,14.2
2024wabon,3826,FALSE,101.3,101.3,11.7,11.7
2024wabon,4469,FALSE,111.1,111.1,9.2,9.7
2024wabon,4512,FALSE,120.9,120.9,9.2,9.7
2024wabon,4579,FALSE,86.3,86.3,11.3,10.2
2024wabon,4682,FALSE,109.8,109.8,10.7,10.5
2024wabon,4911,TRUE,113.8,113.8,14,12
2024wabon,4915,FALSE,120.9,120.9,13.2,11.8
2024wabon,5683,FALSE,100.4,100.4,9.4,10.1
2024wabon,5937,FALSE,108.1,108.1,12.1,12.8
2024wabon,5941,FALSE,112.8,112.4,11.6,11.6
2024wabon,6350,FALSE,92.9,92.9,10.2,10.5
2024wabon,7461,FALSE,124.7,124.7,13.6,13.8
2024wabon,7627,FALSE,95.2,95.2,8.9,9.4
2024wabon,8032,FALSE,110.5,110.5,11.2,11.9
2024wabon,8302,FALSE,70.1,70.1,14.7,14.7
2024wabon,8303,FALSE,58.8,58.8,9.8,10.6
2024wabon,8896,FALSE,69.4,69.4,11.6,11.3
2024wabon,9446,TRUE,81.6,81.6,11.7,12.5
2024wabon,9581,FALSE,41.1,41.1,11.8,11.3
2024wasam,360,FALSE,111.3,111.3,10.9,11.2
2024wasam,488,TRUE,123.3,123.3,12.8,12.6
2024wasam,492,FALSE,100.3,100.3,12.3,12.5
2024wasam,948,FALSE,110.7,110.7,13,12.1
2024wasam,949,FALSE,107.7,107.7,11.8,10.6
2024wasam,1294,FALSE,116.6,116.6,11.4,11.2
2024wasam,1318,FALSE,108.1,108.1,9.7,9.7
2024wasam,1595,TRUE,100.9,100.9,12.1,12.9
2024wasam,1899,TRUE,111.7,111.7,10.9,10.8
2024wasam,1983,FALSE,122.9,122.9,10.7,10.6
2024wasam,2046,FALSE,123.8,123.8,12,12.8
2024wasam,2412,FALSE,117.2,117.2,11.6,11.7
2024wasam,2928,FALSE,109.8,109.7,14.5,14.5
2024wasam,2976,FALSE,101,100.3,12.3,12.1
2024wasam,3070,FALSE,95.4,95.4,10.3,9.5
2024wasam,3268,FALSE,72.2,72.2,9.7,9
2024wasam,3574,FALSE,69.8,69.8,12.7,12.7
2024wasam,3681,FALSE,105.7,105.7,8.8,9
2024wasam,4104,FALSE,107,107,13.8,14.4
2024wasam,4131,FALSE,103,103,9.5,9.3
2024wasam,4173,FALSE,104.3,104.3,11.5,10.9
2024wasam,4180,FALSE,101.1,101.1,13.1,13.5
2024wasam,4918,FALSE,93.4,93.4,9.7,11.3
2024wasam,4980,FALSE,114.1,114,12,12
2024wasam,5588,FALSE,73.3,73.3,9.2,9.4
2024wasam,5827,FALSE,85,85,12,12.5
2024wasam,6076,TRUE,113.2,113.2,10.7,11.2
2024wasam,7461,FALSE,124.9,124.9,13.9,13.8
2024wasam,8051,FALSE,116.4,116.4,10.8,10.1
2024wasam,8248,FALSE,95,95,14.3,14.4
2024wasam,9023,FALSE,114,114,9.4,8.7
2024wasam,9036,FALSE,94.6,94.6,9.5,10.5
2024wasam,9442,FALSE,114.3,111.6,15,15
2024wasam,9450,FALSE,118.8,118.8,15,15
2024wasno,360,FALSE,108.5,108.5,10,9.7
2024wasno,948,FALSE,104.6,104.6,12.7,12
2024wasno,949,FALSE,105.3,105.3,12.2,11
2024wasno,1318,FALSE,102.7,102.7,9,9
2024wasno,1778,FALSE,113.5,113.5,10.9,10.9
2024wasno,2412,FALSE,124,124,12,12
2024wasno,2522,FALSE,104.9,104.9,11.6,10.8
2024wasno,2903,FALSE,94.8,94.8,11.9,11
2024wasno,2910,FALSE,124.5,124.5,12.6,12.3
2024wasno,2930,FALSE,122.4,122.4,12.5,12.1
2024wasno,2980,FALSE,100,100,10.3,9.1
2024wasno,3049,TRUE,101.7,101.7,11.8,11.8
2024wasno,3268,FALSE,72.9,72.9,10.1,8.7
2024wasno,3588,TRUE,71.9,73.6,10.4,10.6
2024wasno,3681,FALSE,94.7,94.7,8.8,8.7
2024wasno,3826,FALSE,108.8,102.8,11.8,11.9
2024wasno,4089,FALSE,98.2,98.2,13.4,12.7
2024wasno,4131,FALSE,99.5,95,9.4,9.4
2024wasno,4173,FALSE,95.3,95.3,10.7,10.3
2024wasno,4180,FALSE,99.3,99.3,13.8,14.3
2024wasno,4450,FALSE,88.9,88.9,10.5,10.5
2024wasno,4512,FALSE,108.2,108.2,9.3,10.7
2024wasno,4513,FALSE,121.2,121.2,13.1,13
2024wasno,4682,FALSE,108.2,108.2,10.3,10.1
2024wasno,4915,FALSE,120.5,120.5,12.4,11.1
2024wasno,4918,FALSE,86,86,9.1,10.7
2024wasno,5827,FALSE,80,80,11.6,11.7
2024wasno,5937,FALSE,107.2,107.2,12.8,13.8
2024wasno,5941,FALSE,105.3,105.3,11.1,10.1
2024wasno,6350,FALSE,79.7,79.7,9.5,9.8
2024wasno,7627,FALSE,95.9,95.9,8.6,8.9
2024wasno,8248,FALSE,85.3,85.3,14.2,14.5
2024wasno,9036,FALSE,90,90,9.4,10.1
2024wasno,9450,FALSE,114.7,114.7,11.4,10.7